CAL_DT,STORE_KEY,PROD_KEY,INVENTORY_ON_HAND_QTY,INVENTORY_ON_ORDER_QTY,OUT_OF_STOCK_FLG,WASTE_QTY,PROMOTION_FLG,NEXT_DELIVERY_DT
2020-02-13,35,36,60.16,13.9,1,7.95,False,2020-02-14
2020-01-10,32,77,1.82,98.4,1,5.06,False,2020-01-11
2020-01-29,27,43,47.02,55.12,1,8.95,False,2020-01-31
2020-01-03,11,65,10.98,52.55,1,6.88,False,2020-01-07
2020-01-29,15,11,99.57,18.12,0,9.8,True,2020-02-03
2020-04-08,32,61,16.83,41.9,1,7.89,False,2020-04-11
2020-03-01,36,74,87.66,45.71,0,9.21,False,2020-03-02
2020-01-08,14,98,47.88,52.63,0,5.82,False,2020-01-11
2020-01-04,31,35,54.61,66.2,1,9.16,True,2020-01-11
2020-03-01,2,11,65.53,79.49,1,9.39,True,2020-03-08
2020-02-13,6,5,49.53,90.85,0,3.22,True,2020-02-20
2020-01-29,12,91,63.91,28.7,0,3.15,False,2020-01-31
2020-03-16,3,55,24.48,93.2,1,0.4,False,2020-03-22
2020-02-26,38,98,93.99,21.12,1,7.97,True,2020-02-29
2020-02-10,9,19,60.25,99.67,1,4.16,False,2020-02-16
2020-01-14,17,96,5.95,40.69,0,2.93,True,2020-01-15
2020-02-25,9,68,86.27,29.78,0,2.3,False,2020-03-02
2020-01-25,25,46,45.85,74.08,0,7.73,False,2020-01-30
2020-01-27,47,43,74.13,43.35,1,0.67,True,2020-01-31
2020-02-25,19,74,83.43,9.06,0,7.12,True,2020-02-29
2020-03-21,29,24,3.38,2.57,1,8.1,False,2020-03-26
2020-02-23,18,78,15.16,37.85,0,8.71,False,2020-02-29
2020-03-01,49,16,8.26,19.22,0,1.43,True,2020-03-07
2020-02-11,21,73,61.08,31.67,1,9.14,False,2020-02-14
2020-01-25,27,37,56.26,75.19,1,8.02,True,2020-01-27
2020-02-13,5,86,93.66,0.62,1,5.25,True,2020-02-15
2020-01-30,12,96,8.25,27.78,1,8.32,True,2020-02-06
2020-01-04,4,17,0.79,68.6,0,2.27,False,2020-01-11
2020-03-24,22,87,31.84,1.8,0,8.0,True,2020-03-29
2020-01-31,47,61,1.51,96.16,1,3.94,True,2020-02-07
2020-01-09,25,34,21.21,35.22,0,4.03,True,2020-01-10
2020-02-11,40,48,0.64,44.14,0,0.09,True,2020-02-14
2020-03-11,5,94,29.31,35.95,1,4.75,False,2020-03-13
2020-01-06,46,60,27.34,19.88,1,1.44,True,2020-01-11
2020-01-14,32,34,76.42,63.8,0,4.09,True,2020-01-17
2020-02-01,45,73,39.36,97.86,1,8.7,True,2020-02-03
2020-01-20,20,77,86.94,67.6,1,1.2,False,2020-01-26
2020-01-16,42,26,81.56,69.29,0,0.06,False,2020-01-20
2020-03-23,1,2,45.0,50.4,0,9.88,False,2020-03-30
2020-03-05,47,89,99.17,73.91,0,7.46,False,2020-03-07
2020-01-11,13,93,71.62,39.37,1,3.64,True,2020-01-15
2020-02-27,20,88,22.79,53.52,1,4.48,False,2020-02-28
2020-01-27,39,79,86.23,39.02,1,2.04,False,2020-01-28
2020-03-15,13,64,8.13,32.97,0,1.04,True,2020-03-22
2020-04-02,17,96,97.51,74.78,1,0.5,True,2020-04-05
2020-03-27,41,91,66.99,98.84,0,6.49,False,2020-03-31
2020-02-24,40,18,60.87,58.14,0,1.85,True,2020-03-01
2020-02-26,2,2,35.89,37.72,1,8.44,True,2020-02-28
2020-01-14,50,70,97.8,5.22,0,3.68,True,2020-01-17
2020-03-29,40,20,44.01,28.77,0,5.61,True,2020-04-02
2020-01-22,50,43,85.02,72.48,1,3.26,False,2020-01-28
2020-02-03,13,27,3.43,63.97,0,8.34,True,2020-02-06
2020-03-23,7,62,5.43,61.78,1,3.89,True,2020-03-30
2020-01-14,29,4,56.85,52.05,1,2.76,False,2020-01-17
2020-02-08,33,77,46.52,61.87,1,1.09,False,2020-02-15
2020-01-25,18,20,39.87,54.98,0,1.61,True,2020-01-26
2020-01-07,8,70,0.41,19.65,1,3.2,False,2020-01-10
2020-02-11,33,93,65.76,68.68,0,1.69,False,2020-02-18
2020-03-08,6,53,81.87,38.88,1,6.65,False,2020-03-15
2020-03-23,19,84,1.74,12.24,1,5.38,False,2020-03-24
2020-03-15,8,88,2.24,45.2,0,3.01,True,2020-03-17
2020-03-05,13,85,13.54,10.46,1,4.18,True,2020-03-10
2020-02-19,18,3,13.88,63.15,0,6.27,False,2020-02-25
2020-01-30,19,87,53.04,59.65,1,4.08,False,2020-02-04
2020-03-12,31,100,53.27,40.99,0,3.26,False,2020-03-14
2020-01-29,50,79,80.76,84.65,0,5.19,True,2020-01-30
2020-02-03,36,6,92.89,22.7,0,9.99,True,2020-02-04
2020-02-02,25,96,36.34,61.07,0,3.51,False,2020-02-07
2020-01-25,42,81,81.29,73.88,0,4.73,True,2020-01-31
2020-01-18,43,70,60.68,20.41,0,9.02,True,2020-01-23
2020-03-11,48,89,69.43,7.63,0,6.02,False,2020-03-16
2020-02-23,42,21,2.62,87.54,0,8.74,False,2020-02-28
2020-02-10,45,17,63.58,73.17,0,8.46,True,2020-02-14
2020-02-05,11,2,57.2,98.62,0,5.25,False,2020-02-06
2020-02-11,5,76,3.0,16.68,0,7.18,True,2020-02-13
2020-04-04,2,26,94.67,53.91,1,3.17,False,2020-04-10
2020-01-23,15,75,26.86,52.53,0,3.72,True,2020-01-28
2020-02-27,39,75,43.62,44.34,0,1.9,True,2020-03-05
2020-02-12,35,23,79.61,53.64,0,4.93,False,2020-02-19
2020-01-28,10,16,73.87,99.15,0,5.26,False,2020-01-30
2020-02-12,39,24,54.71,54.41,1,2.14,False,2020-02-19
2020-02-07,22,23,30.14,55.8,0,6.81,True,2020-02-13
2020-01-25,19,9,5.23,21.03,1,9.64,True,2020-01-27
2020-02-03,46,25,40.86,96.32,1,1.38,True,2020-02-04
2020-02-14,26,42,76.62,47.64,1,4.51,True,2020-02-19
2020-01-29,24,67,48.54,40.2,0,2.6,False,2020-01-30
2020-03-17,20,44,55.72,35.48,0,9.83,True,2020-03-22
2020-03-21,16,37,91.16,34.62,1,5.53,True,2020-03-28
2020-02-15,37,73,16.53,84.97,0,1.04,False,2020-02-22
2020-02-12,24,5,2.77,51.77,1,2.9,False,2020-02-17
2020-03-18,20,6,1.68,69.94,1,1.83,True,2020-03-22
2020-03-25,2,38,74.06,22.3,1,8.07,True,2020-03-26
2020-03-15,39,21,22.55,45.65,1,3.8,False,2020-03-20
2020-03-02,7,28,60.34,50.13,0,2.17,False,2020-03-05
2020-02-25,14,55,29.74,77.09,0,4.31,False,2020-02-29
2020-01-29,5,28,81.83,49.74,0,0.81,False,2020-02-05
2020-01-28,7,57,4.06,70.99,0,4.77,True,2020-01-31
2020-04-02,35,64,72.99,80.29,0,4.17,True,2020-04-07
2020-04-03,34,39,5.97,67.68,0,2.65,True,2020-04-06
2020-02-06,31,89,43.12,73.57,1,9.65,False,2020-02-13
2020-03-13,6,84,62.51,86.27,1,8.26,False,2020-03-14
2020-02-04,13,36,39.94,75.72,1,4.32,True,2020-02-11
2020-02-09,35,51,18.0,2.49,0,1.15,True,2020-02-11
2020-03-29,36,69,14.73,7.32,1,6.17,True,2020-04-02
2020-02-22,29,98,3.52,65.45,0,6.85,True,2020-02-25
2020-02-19,27,52,90.9,70.09,1,0.92,False,2020-02-22
2020-01-11,17,74,68.97,44.78,1,1.02,False,2020-01-14
2020-01-27,36,52,65.74,83.27,0,4.89,True,2020-02-01
2020-03-12,33,74,5.86,62.04,0,9.08,True,2020-03-18
2020-01-10,12,33,25.99,54.38,0,4.97,True,2020-01-14
2020-01-05,36,8,2.51,29.93,0,3.58,False,2020-01-10
2020-03-31,11,85,8.15,33.99,1,3.94,True,2020-04-05
2020-03-10,2,23,5.48,42.04,0,0.6,False,2020-03-12
2020-01-14,6,92,43.47,70.83,0,2.58,True,2020-01-19
2020-03-09,31,71,35.19,3.67,0,3.27,True,2020-03-15
2020-04-07,49,37,87.01,25.45,0,8.02,True,2020-04-11
2020-03-19,25,23,20.76,55.97,1,2.58,False,2020-03-26
2020-01-01,12,48,32.55,2.67,1,8.7,True,2020-01-05
2020-02-15,24,31,27.68,4.43,0,3.81,True,2020-02-16
2020-01-20,8,79,8.25,83.82,0,3.59,True,2020-01-26
2020-03-18,50,61,7.1,11.96,0,2.16,True,2020-03-20
2020-03-30,31,67,16.82,97.63,1,8.81,True,2020-04-01
2020-03-14,29,31,21.07,98.39,1,0.58,False,2020-03-20
2020-02-06,36,26,66.98,76.04,0,6.52,True,2020-02-08
2020-04-07,41,56,76.8,34.96,0,9.45,True,2020-04-13
2020-04-05,27,48,73.99,29.27,0,2.17,False,2020-04-08
2020-03-10,24,99,96.07,77.44,0,5.48,False,2020-03-17
2020-01-10,1,48,35.0,45.49,1,3.9,True,2020-01-17
2020-02-02,41,75,11.01,48.35,1,5.2,True,2020-02-06
2020-02-18,11,30,44.29,62.51,1,3.89,True,2020-02-19
2020-01-26,45,82,1.36,41.83,0,4.31,True,2020-01-28
2020-01-18,26,85,90.11,89.7,1,4.39,False,2020-01-19
2020-03-11,6,35,36.92,96.79,1,5.56,True,2020-03-14
2020-03-28,11,55,77.36,34.14,0,5.62,True,2020-04-02
2020-02-07,18,63,87.5,43.86,0,8.5,True,2020-02-14
2020-04-09,44,14,69.51,39.74,1,2.6,False,2020-04-12
2020-02-23,48,85,5.69,25.99,0,2.72,True,2020-02-28
2020-03-06,47,46,5.47,55.52,1,4.39,True,2020-03-10
2020-02-02,37,40,94.07,87.54,0,9.76,True,2020-02-07
2020-04-09,30,97,47.6,7.67,0,6.56,False,2020-04-12
2020-01-23,3,18,23.25,46.38,1,0.57,False,2020-01-24
2020-02-10,3,29,21.21,98.1,1,8.71,True,2020-02-15
2020-01-03,41,43,14.32,72.16,0,4.06,True,2020-01-04
2020-01-24,11,77,21.11,30.6,0,7.27,True,2020-01-27
2020-03-17,44,42,20.57,98.18,1,1.83,True,2020-03-19
2020-02-20,10,53,2.66,17.19,0,2.95,False,2020-02-22
2020-02-19,6,24,69.98,62.34,0,5.83,False,2020-02-22
2020-03-23,16,65,99.35,16.42,1,0.96,True,2020-03-26
2020-03-07,27,32,86.33,49.79,1,8.06,True,2020-03-08
2020-01-17,29,18,87.37,81.61,1,4.36,False,2020-01-18
2020-02-14,36,72,98.92,2.86,0,3.01,True,2020-02-19
2020-01-07,41,96,25.0,62.03,0,0.29,True,2020-01-13
2020-02-06,33,20,70.26,7.49,0,8.12,True,2020-02-09
2020-02-04,46,94,42.81,89.88,1,6.04,False,2020-02-05
2020-01-22,47,90,76.97,62.56,1,0.7,False,2020-01-27
2020-01-03,3,54,81.12,92.4,0,6.76,False,2020-01-09
2020-02-05,34,32,91.08,25.16,0,9.31,True,2020-02-09
2020-02-16,7,75,36.5,38.57,1,0.27,False,2020-02-23
2020-03-28,3,6,17.07,95.71,0,1.11,True,2020-03-31
2020-03-03,28,95,17.04,5.5,0,3.77,False,2020-03-06
2020-01-07,44,65,60.58,25.5,1,0.41,False,2020-01-09
2020-03-03,9,27,50.77,80.35,0,3.64,False,2020-03-06
2020-02-14,21,14,29.47,13.11,1,1.73,False,2020-02-20
2020-01-16,48,48,70.48,57.82,0,8.05,False,2020-01-19
2020-03-25,45,47,56.94,50.61,1,8.09,True,2020-03-27
2020-02-24,42,9,62.66,17.81,0,2.11,False,2020-02-28
2020-02-01,15,32,22.17,72.0,1,8.43,True,2020-02-07
2020-04-02,49,70,47.57,77.43,1,2.81,False,2020-04-05
2020-03-30,34,68,52.2,57.25,1,7.98,False,2020-04-02
2020-02-21,44,17,61.46,75.49,1,0.61,False,2020-02-22
2020-01-12,46,19,77.76,32.64,1,6.36,False,2020-01-19
2020-01-30,26,55,7.47,90.01,0,3.01,False,2020-02-01
2020-04-07,47,66,31.85,52.15,1,3.92,False,2020-04-10
2020-04-09,41,57,53.88,19.71,0,9.68,True,2020-04-14
2020-01-26,35,37,8.27,99.79,1,2.86,True,2020-01-29
2020-01-05,20,55,32.37,1.22,1,1.06,False,2020-01-10
2020-02-09,26,35,43.03,43.37,1,6.71,False,2020-02-10
2020-03-24,4,85,45.17,92.02,1,6.07,False,2020-03-26
2020-01-17,30,94,91.24,13.51,1,4.02,False,2020-01-22
2020-01-26,25,12,93.04,93.23,1,8.24,True,2020-01-30
2020-01-17,30,84,40.39,19.21,1,8.61,False,2020-01-24
2020-02-09,46,75,19.15,68.11,0,7.74,True,2020-02-13
2020-03-27,25,39,74.17,6.59,1,0.73,False,2020-03-28
2020-02-06,15,26,85.73,65.7,0,1.96,True,2020-02-08
2020-01-14,47,19,87.56,49.31,0,6.47,True,2020-01-20
2020-02-24,14,84,99.9,94.75,1,2.59,True,2020-02-26
2020-01-01,9,39,7.35,60.72,1,7.54,False,2020-01-05
2020-02-12,18,48,4.73,77.9,1,9.07,True,2020-02-16
2020-01-13,47,85,10.98,12.54,1,1.06,False,2020-01-19
2020-01-02,21,78,3.07,85.86,0,9.55,True,2020-01-06
2020-02-18,14,48,52.73,91.07,1,6.44,True,2020-02-19
2020-01-16,38,15,53.26,99.82,0,9.86,False,2020-01-19
2020-03-01,19,50,56.93,33.84,1,1.93,True,2020-03-06
2020-03-27,44,74,23.97,53.68,0,7.51,True,2020-04-01
2020-03-10,1,75,3.58,69.81,0,4.48,False,2020-03-17
2020-02-28,9,98,78.41,81.32,0,4.91,False,2020-03-03
2020-04-04,34,26,79.46,34.63,1,1.07,False,2020-04-08
2020-03-17,44,97,72.69,30.2,0,9.5,True,2020-03-20
2020-02-07,33,59,48.1,81.16,1,4.14,True,2020-02-11
2020-02-21,13,37,25.32,0.63,0,4.22,True,2020-02-23
2020-03-31,21,51,20.46,45.15,1,6.28,True,2020-04-06
2020-01-14,16,64,17.86,75.1,0,1.51,True,2020-01-16
2020-03-06,4,38,75.91,0.83,1,3.26,False,2020-03-12
2020-02-12,24,38,69.13,90.07,1,7.58,True,2020-02-15
2020-01-10,23,44,78.29,26.49,0,9.07,False,2020-01-12
2020-01-23,29,87,50.4,70.2,0,4.47,True,2020-01-25
2020-03-16,2,93,48.15,11.63,0,9.21,True,2020-03-23
2020-03-31,42,36,64.19,13.32,0,3.34,True,2020-04-06
2020-01-09,11,82,60.64,19.02,1,0.18,False,2020-01-10
2020-01-04,44,67,61.83,95.85,0,3.49,True,2020-01-05
2020-01-26,46,96,18.03,25.37,1,2.63,False,2020-02-02
2020-02-21,46,85,36.5,92.67,0,0.63,False,2020-02-25
2020-03-19,26,29,40.29,82.84,0,4.98,False,2020-03-20
2020-01-15,10,15,69.8,97.93,1,8.22,False,2020-01-22
2020-02-10,18,15,1.75,11.9,0,3.17,False,2020-02-14
2020-03-11,10,34,83.09,12.0,1,9.01,True,2020-03-16
2020-03-14,38,97,41.45,81.71,1,5.3,True,2020-03-16
2020-02-14,8,97,2.01,66.16,1,8.58,True,2020-02-15
2020-04-07,30,42,37.42,48.61,1,6.56,False,2020-04-13
2020-02-25,28,59,3.61,99.03,0,2.76,True,2020-02-28
2020-03-11,45,81,24.67,89.11,1,3.94,False,2020-03-15
2020-03-11,25,52,33.67,99.71,0,3.14,False,2020-03-16
2020-04-06,6,36,64.64,98.72,1,7.99,True,2020-04-09
2020-03-02,33,76,24.96,65.47,1,4.12,False,2020-03-08
2020-03-16,23,13,74.97,98.55,1,9.7,False,2020-03-20
2020-04-04,24,25,30.18,77.69,1,9.63,False,2020-04-06
2020-01-03,37,38,12.45,66.51,1,5.89,False,2020-01-04
2020-03-17,34,46,30.63,70.6,0,6.5,False,2020-03-20
2020-03-18,27,60,85.67,95.81,0,0.56,True,2020-03-22
2020-03-20,45,43,78.02,45.69,1,2.75,True,2020-03-25
2020-02-09,7,89,99.51,29.62,1,6.68,False,2020-02-12
2020-02-24,46,59,45.76,67.09,1,7.33,False,2020-02-28
2020-01-25,1,34,6.43,57.49,0,1.1,True,2020-01-29
2020-03-28,18,93,46.82,46.69,1,0.99,True,2020-03-30
2020-03-18,48,26,85.23,7.3,0,9.56,True,2020-03-25
2020-01-31,41,63,30.82,47.44,1,2.02,True,2020-02-01
2020-01-27,9,9,51.86,60.81,0,8.13,True,2020-01-30
2020-03-02,22,35,61.93,58.22,1,1.81,True,2020-03-04
2020-02-22,46,35,37.38,73.72,1,9.04,True,2020-02-27
2020-03-14,29,17,48.09,33.09,0,9.4,True,2020-03-19
2020-03-30,39,39,94.18,15.98,0,8.77,False,2020-04-02
2020-02-07,2,46,89.78,38.69,1,8.83,False,2020-02-08
2020-02-25,28,4,28.32,61.59,1,3.99,False,2020-02-28
2020-03-23,39,10,24.62,16.76,0,6.28,False,2020-03-26
2020-03-06,49,69,30.67,50.87,1,4.03,True,2020-03-11
2020-01-14,31,80,35.9,16.27,0,5.34,True,2020-01-19
2020-03-30,30,7,63.71,66.05,0,7.67,False,2020-04-03
2020-02-03,49,99,30.95,63.46,0,7.48,True,2020-02-07
2020-03-28,8,77,87.06,16.68,1,0.08,True,2020-03-31
2020-02-01,7,64,7.66,50.57,0,2.4,False,2020-02-04
2020-02-05,27,39,45.46,40.68,0,1.58,False,2020-02-09
2020-02-03,9,63,16.38,2.92,1,9.35,False,2020-02-09
2020-01-08,38,31,92.85,72.13,0,1.25,False,2020-01-11
2020-03-19,27,28,25.88,42.06,0,6.82,False,2020-03-23
2020-02-28,39,25,95.67,41.33,1,3.25,True,2020-03-02
2020-02-27,5,78,65.98,63.65,1,4.19,True,2020-03-01
2020-02-07,35,26,50.91,78.78,1,9.97,True,2020-02-13
2020-02-25,1,42,83.63,26.41,0,5.83,True,2020-02-28
2020-03-08,43,94,61.55,90.37,0,8.08,True,2020-03-14
2020-02-24,42,38,95.21,22.71,0,2.68,True,2020-03-01
2020-03-22,7,93,0.47,90.38,0,7.17,True,2020-03-26
2020-02-01,24,95,46.0,7.96,0,7.89,False,2020-02-02
2020-01-27,37,65,43.76,52.28,0,6.56,True,2020-01-31
2020-03-29,20,100,49.32,54.77,0,7.31,False,2020-04-01
2020-03-23,1,5,53.34,71.01,1,4.03,True,2020-03-26
2020-01-12,35,67,41.2,56.22,1,4.69,False,2020-01-17
2020-02-28,33,48,91.86,55.07,1,1.32,True,2020-03-05
2020-01-13,6,40,70.78,9.1,0,1.4,False,2020-01-19
2020-02-09,12,91,6.05,45.43,0,0.2,True,2020-02-13
2020-04-04,12,47,17.41,23.54,0,5.22,False,2020-04-11
2020-03-01,13,33,40.75,49.54,0,3.71,False,2020-03-02
2020-01-23,39,51,47.97,31.94,1,8.77,False,2020-01-26
2020-04-08,6,54,94.87,63.01,1,4.3,True,2020-04-14
2020-01-27,17,39,88.76,79.49,1,7.04,False,2020-02-03
2020-01-20,5,76,43.14,61.97,0,5.3,False,2020-01-24
2020-01-29,42,64,26.17,68.8,0,7.59,False,2020-02-02
2020-01-18,6,41,91.78,38.94,1,4.76,False,2020-01-20
2020-03-27,36,45,60.13,35.74,0,1.07,False,2020-03-29
2020-03-14,9,66,81.43,12.57,1,7.08,False,2020-03-18
2020-02-19,43,12,28.08,43.89,1,4.62,False,2020-02-22
2020-04-02,16,35,32.29,83.38,1,4.5,False,2020-04-03
2020-03-08,40,22,4.46,96.49,0,0.31,True,2020-03-11
2020-03-26,47,3,34.98,83.8,0,1.7,False,2020-03-31
2020-01-29,39,40,57.21,39.22,0,9.08,False,2020-01-30
2020-03-20,30,17,55.7,23.75,1,0.22,False,2020-03-21
2020-01-09,19,39,13.76,14.62,0,1.23,True,2020-01-14
2020-03-26,37,17,63.29,41.77,0,1.15,False,2020-04-02
2020-02-11,11,11,2.6,9.71,1,4.5,True,2020-02-15
2020-01-22,15,22,7.75,90.31,0,9.01,True,2020-01-28
2020-04-07,48,70,6.98,87.8,0,6.59,False,2020-04-14
2020-02-10,10,87,91.44,2.06,1,8.48,True,2020-02-15
2020-02-18,49,5,64.92,24.95,0,9.21,False,2020-02-19
2020-03-25,43,59,64.11,80.1,0,2.24,True,2020-04-01
2020-03-14,42,58,36.95,52.87,0,7.84,True,2020-03-17
2020-01-29,47,11,9.04,79.02,1,6.35,False,2020-02-03
2020-02-21,15,36,11.13,46.84,0,9.72,False,2020-02-22
2020-01-18,50,50,14.95,14.9,0,6.81,True,2020-01-23
2020-01-05,16,57,29.05,60.41,0,1.33,False,2020-01-11
2020-04-06,33,76,69.79,55.0,1,2.64,False,2020-04-10
2020-03-21,5,73,61.15,16.89,0,2.17,True,2020-03-25
2020-03-19,31,14,62.04,75.84,1,7.77,False,2020-03-21
2020-02-15,8,74,70.08,53.85,1,7.27,False,2020-02-19
2020-03-13,24,68,65.58,93.84,0,2.16,False,2020-03-17
2020-02-27,7,47,96.81,50.14,0,9.73,True,2020-03-04
2020-02-14,20,28,52.41,2.42,1,6.16,True,2020-02-16
2020-02-16,33,13,76.84,48.11,1,0.11,True,2020-02-21
2020-02-26,24,6,70.95,83.34,0,5.03,False,2020-03-01
2020-02-25,24,99,98.56,41.09,0,6.4,False,2020-03-02
2020-03-27,7,66,23.58,95.85,0,5.92,False,2020-04-03
2020-01-20,1,48,71.85,66.18,0,1.83,False,2020-01-24
2020-02-28,6,94,33.53,84.34,0,1.78,True,2020-03-06
2020-03-14,4,71,4.56,83.76,1,2.54,False,2020-03-16
2020-02-29,15,22,54.05,42.85,1,3.21,True,2020-03-01
2020-01-28,18,79,53.58,89.3,1,1.86,False,2020-02-04
2020-02-08,28,19,25.23,68.53,0,0.86,True,2020-02-12
2020-02-12,11,48,2.53,36.32,0,9.8,False,2020-02-13
2020-03-21,8,72,41.75,78.51,0,1.76,True,2020-03-22
2020-02-06,32,2,79.12,77.87,0,4.77,False,2020-02-09
2020-01-15,4,16,65.25,35.86,0,0.52,False,2020-01-21
2020-02-24,46,26,51.57,14.73,1,3.5,False,2020-03-01
2020-01-14,46,7,71.09,24.37,1,3.83,True,2020-01-19
2020-03-11,32,64,7.89,41.79,0,0.79,False,2020-03-13
2020-01-11,18,25,47.9,19.95,0,4.56,True,2020-01-13
2020-03-12,39,91,50.69,16.42,0,8.21,False,2020-03-15
2020-02-10,46,80,40.84,38.9,1,9.42,True,2020-02-13
2020-01-23,44,63,69.86,74.4,1,6.31,True,2020-01-28
2020-02-11,21,68,19.94,65.57,1,6.61,True,2020-02-18
2020-03-20,28,28,22.34,24.1,1,4.36,True,2020-03-21
2020-02-18,11,39,7.3,15.79,0,3.09,False,2020-02-19
2020-03-07,20,95,40.22,95.33,1,7.09,True,2020-03-09
2020-02-21,18,34,53.69,82.6,0,8.35,False,2020-02-27
2020-01-05,47,87,14.94,73.76,1,3.94,True,2020-01-11
2020-01-24,30,4,42.32,5.22,1,2.35,True,2020-01-31
2020-03-24,10,43,0.4,52.17,1,4.07,False,2020-03-28
2020-01-25,40,20,56.94,77.78,1,9.91,True,2020-01-27
2020-01-02,24,52,64.8,63.04,1,2.08,True,2020-01-04
2020-01-02,8,98,58.38,71.23,1,5.24,True,2020-01-08
2020-04-07,12,56,11.94,35.19,1,3.12,True,2020-04-14
2020-03-24,44,33,84.05,97.15,0,9.82,False,2020-03-31
2020-02-19,10,29,68.01,26.79,1,2.92,False,2020-02-26
2020-03-30,14,41,55.21,78.69,1,4.53,False,2020-04-02
2020-01-23,9,75,15.55,8.62,1,0.33,False,2020-01-24
2020-02-10,16,64,7.79,33.07,1,7.52,True,2020-02-12
2020-03-14,35,26,84.63,57.96,1,8.43,True,2020-03-17
2020-02-11,42,55,41.16,21.34,0,6.74,False,2020-02-12
2020-02-08,24,73,68.42,66.84,1,7.03,True,2020-02-10
2020-01-18,34,54,58.74,45.98,0,6.15,False,2020-01-23
2020-01-21,5,84,4.67,36.06,0,7.67,True,2020-01-24
2020-03-23,14,8,99.9,75.81,0,3.94,False,2020-03-30
2020-01-12,24,91,52.37,66.7,0,0.01,True,2020-01-17
2020-02-25,34,81,69.04,48.51,0,4.19,False,2020-02-29
2020-03-11,24,89,18.38,50.71,1,2.13,False,2020-03-12
2020-04-07,26,54,85.13,12.41,0,1.53,False,2020-04-09
2020-01-19,16,32,75.98,34.07,0,9.87,True,2020-01-21
2020-03-21,9,59,45.85,24.13,0,1.03,True,2020-03-27
2020-04-06,36,69,12.67,7.99,0,7.58,False,2020-04-10
2020-02-09,15,48,47.42,76.34,0,1.28,True,2020-02-12
2020-03-10,37,23,29.27,9.94,0,4.31,True,2020-03-12
2020-02-29,21,10,53.52,34.87,0,0.4,False,2020-03-06
2020-01-06,24,25,95.63,72.35,0,8.89,True,2020-01-13
2020-04-04,29,24,72.59,44.05,0,2.15,False,2020-04-06
2020-03-15,42,18,8.97,76.71,0,7.67,False,2020-03-16
2020-04-09,15,83,21.8,60.51,0,9.54,True,2020-04-14
2020-04-01,8,92,89.54,82.5,1,2.79,True,2020-04-08
2020-04-01,11,52,21.21,54.42,0,3.62,False,2020-04-05
2020-03-20,12,76,14.25,65.14,0,3.62,True,2020-03-22
2020-04-07,41,90,42.58,69.4,0,0.98,True,2020-04-09
2020-02-05,35,34,5.8,67.11,1,3.9,True,2020-02-06
2020-02-21,3,53,73.82,84.35,1,2.42,True,2020-02-23
2020-01-04,6,66,65.81,10.98,0,3.95,True,2020-01-08
2020-01-05,37,94,20.58,22.46,0,4.83,True,2020-01-12
2020-03-17,47,21,67.88,57.84,0,8.45,True,2020-03-21
2020-02-10,50,40,89.45,77.41,1,0.01,True,2020-02-12
2020-02-13,36,32,97.42,16.3,0,0.78,False,2020-02-19
2020-03-13,5,5,47.44,31.61,1,4.1,False,2020-03-14
2020-02-17,33,84,63.5,16.21,0,9.24,False,2020-02-18
2020-01-10,41,52,82.7,42.55,1,0.32,True,2020-01-11
2020-04-07,30,23,73.32,50.1,1,2.82,False,2020-04-14
2020-03-22,47,72,8.75,18.37,0,1.63,True,2020-03-27
2020-01-18,22,69,92.56,14.19,1,5.53,False,2020-01-19
2020-01-17,36,62,94.01,68.09,1,8.69,True,2020-01-22
2020-03-06,17,24,67.65,69.47,1,0.72,False,2020-03-12
2020-01-16,32,12,74.38,91.54,0,3.86,True,2020-01-21
2020-04-02,13,18,3.69,66.16,0,8.01,False,2020-04-04
2020-03-07,47,75,8.08,19.05,0,7.66,True,2020-03-08
2020-02-07,27,51,27.66,97.66,1,2.49,False,2020-02-13
2020-02-02,30,60,71.63,72.91,1,6.73,False,2020-02-06
2020-04-09,11,70,20.0,37.96,0,7.27,True,2020-04-10
2020-02-04,7,35,42.83,80.12,0,2.05,True,2020-02-05
2020-01-29,44,93,82.57,55.67,0,9.78,True,2020-01-30
2020-03-24,12,66,60.18,50.22,1,5.68,False,2020-03-27
2020-02-22,35,27,90.63,51.37,0,0.86,True,2020-02-29
2020-03-23,6,80,30.34,0.03,0,4.04,False,2020-03-29
2020-04-09,18,11,65.55,66.03,1,5.88,False,2020-04-12
2020-02-10,28,11,48.38,35.39,0,8.28,True,2020-02-15
2020-02-20,30,28,98.19,54.32,1,6.94,True,2020-02-24
2020-01-10,36,90,66.78,21.11,0,1.72,False,2020-01-16
2020-01-16,21,12,14.15,64.35,1,7.09,False,2020-01-17
2020-01-21,39,94,20.99,86.41,0,9.03,False,2020-01-23
2020-02-15,13,24,80.03,72.36,0,1.59,True,2020-02-19
2020-04-06,50,55,8.76,98.43,1,3.12,False,2020-04-12
2020-02-24,49,83,59.93,53.75,0,6.78,True,2020-02-26
2020-03-11,28,97,92.91,95.75,1,1.7,True,2020-03-13
2020-03-09,27,16,18.01,23.89,1,3.49,True,2020-03-16
2020-03-09,5,85,36.66,92.74,0,9.31,True,2020-03-14
2020-02-11,38,69,75.33,56.26,0,8.76,False,2020-02-18
2020-01-09,34,27,59.32,75.61,0,0.66,True,2020-01-13
2020-03-09,40,75,46.19,61.39,1,9.81,True,2020-03-11
2020-03-05,17,61,83.59,84.53,0,1.94,True,2020-03-08
2020-03-02,2,62,83.96,40.92,1,2.08,True,2020-03-07
2020-02-13,8,30,3.19,94.22,0,6.02,False,2020-02-17
2020-01-30,45,2,96.61,57.3,0,8.19,True,2020-02-05
2020-02-19,22,87,74.84,72.36,1,7.14,False,2020-02-26
2020-03-25,32,27,41.34,31.79,0,9.36,True,2020-03-28
2020-01-03,20,54,91.79,84.65,0,0.44,True,2020-01-10
2020-04-04,43,37,62.57,29.76,1,6.27,True,2020-04-08
2020-03-05,46,55,46.06,59.05,0,5.7,False,2020-03-11
2020-01-08,37,17,79.51,75.1,0,5.12,False,2020-01-15
2020-01-07,18,59,19.84,26.59,1,9.92,True,2020-01-13
2020-02-01,31,28,50.77,78.86,1,8.99,False,2020-02-04
2020-02-18,34,61,36.37,71.02,0,5.08,True,2020-02-24
2020-01-08,48,28,31.17,2.78,0,3.53,True,2020-01-09
2020-04-04,20,50,78.26,71.04,0,4.84,False,2020-04-07
2020-01-22,29,13,43.99,80.4,1,4.91,True,2020-01-27
2020-01-01,20,64,30.0,48.66,1,9.94,True,2020-01-08
2020-02-29,12,74,5.41,78.95,1,8.38,False,2020-03-02
2020-02-18,8,41,9.15,23.72,1,5.37,False,2020-02-25
2020-02-19,26,23,13.85,88.91,1,7.22,True,2020-02-22
2020-03-25,4,13,55.65,65.58,1,5.95,False,2020-03-27
2020-03-16,13,21,11.81,9.27,0,6.58,False,2020-03-22
2020-01-14,45,21,54.22,75.67,1,9.14,False,2020-01-20
2020-01-10,48,96,15.19,76.75,0,6.94,True,2020-01-12
2020-02-29,41,60,39.33,63.23,1,8.76,True,2020-03-04
2020-01-25,14,97,50.41,30.88,0,9.22,False,2020-02-01
2020-04-08,10,94,15.08,35.42,1,7.9,False,2020-04-09
2020-02-01,19,16,68.78,31.34,1,4.06,False,2020-02-03
2020-01-15,47,19,63.01,15.96,1,0.84,True,2020-01-21
2020-01-17,15,81,17.03,37.48,1,8.75,False,2020-01-20
2020-02-10,15,95,67.34,57.53,0,5.38,True,2020-02-17
2020-04-03,32,77,55.02,28.61,0,6.61,True,2020-04-09
2020-03-14,29,5,43.48,12.99,1,2.34,True,2020-03-20
2020-02-02,3,34,33.15,24.72,0,0.21,True,2020-02-09
2020-03-15,3,36,58.5,51.7,1,9.89,False,2020-03-22
2020-02-03,28,57,66.79,66.07,0,1.28,True,2020-02-08
2020-03-12,46,96,27.95,60.99,0,6.25,True,2020-03-17
2020-03-10,38,8,16.8,30.59,1,7.66,True,2020-03-15
2020-02-23,46,8,79.82,72.64,0,7.79,True,2020-02-29
2020-01-18,13,84,67.15,56.09,1,3.53,True,2020-01-20
2020-02-13,27,46,40.64,17.56,1,6.64,True,2020-02-17
2020-02-11,7,38,41.55,53.39,1,3.86,True,2020-02-18
2020-02-04,46,54,54.54,34.59,1,4.13,True,2020-02-05
2020-01-26,46,100,71.77,83.21,1,2.95,False,2020-02-01
2020-02-14,22,69,96.04,51.41,0,0.2,False,2020-02-15
2020-02-02,8,23,62.38,94.53,0,3.39,True,2020-02-09
2020-03-31,50,16,79.73,43.35,1,0.14,True,2020-04-04
2020-02-13,24,80,35.95,23.17,0,7.2,True,2020-02-16
2020-02-26,31,31,15.35,7.51,1,9.51,True,2020-03-03
2020-03-06,15,3,5.9,33.57,0,3.85,True,2020-03-08
2020-01-09,38,28,50.33,8.08,1,0.56,True,2020-01-14
2020-01-06,34,72,22.77,45.95,1,4.42,False,2020-01-11
2020-02-07,24,68,99.33,59.34,0,0.52,True,2020-02-14
2020-02-19,30,21,74.81,7.08,1,1.37,True,2020-02-26
2020-03-01,40,77,30.86,31.15,1,6.8,False,2020-03-04
2020-04-01,20,95,69.75,47.46,0,3.52,False,2020-04-06
2020-03-22,30,77,69.63,11.05,1,7.05,True,2020-03-29
2020-03-20,12,78,36.38,4.02,0,7.12,False,2020-03-23
2020-02-17,21,4,29.17,53.73,1,8.24,True,2020-02-22
2020-03-04,16,69,72.89,41.19,0,8.07,False,2020-03-09
2020-02-17,1,29,43.08,85.59,1,3.92,True,2020-02-22
2020-01-15,6,45,94.52,68.84,1,1.77,False,2020-01-18
2020-01-09,11,67,83.59,79.15,0,4.01,True,2020-01-13
2020-03-03,24,70,58.61,49.33,1,3.35,True,2020-03-07
2020-04-06,8,33,36.82,87.12,0,1.38,True,2020-04-10
2020-01-03,42,9,67.97,23.89,0,6.33,True,2020-01-10
2020-02-11,8,59,87.96,8.99,1,5.6,True,2020-02-16
2020-01-05,23,80,42.42,19.73,1,5.9,True,2020-01-09
2020-04-03,24,19,18.43,18.11,1,3.34,True,2020-04-04
2020-03-25,39,22,80.61,69.22,0,2.1,False,2020-04-01
2020-04-06,12,90,56.98,39.5,1,3.73,False,2020-04-10
2020-01-10,20,6,63.86,8.92,0,2.35,True,2020-01-16
2020-01-20,16,27,45.1,17.33,0,7.58,False,2020-01-24
2020-03-20,44,2,9.98,50.44,1,9.5,True,2020-03-25
2020-02-26,39,5,16.58,51.59,0,8.21,True,2020-03-02
2020-04-06,25,37,14.08,69.11,1,0.12,True,2020-04-07
2020-02-26,9,40,92.02,23.41,0,0.85,True,2020-03-01
2020-03-09,16,20,74.77,61.71,1,3.1,False,2020-03-15
2020-03-13,42,8,63.84,11.8,1,7.09,True,2020-03-16
2020-02-22,28,70,93.13,20.54,1,5.74,False,2020-02-24
2020-01-16,25,46,53.41,91.06,0,2.05,False,2020-01-20
2020-02-24,40,75,7.74,37.59,1,3.65,True,2020-02-25
2020-02-12,8,35,16.93,9.94,0,7.06,True,2020-02-15
2020-03-01,49,100,98.8,34.86,1,2.85,False,2020-03-07
2020-03-04,26,44,58.63,56.36,0,8.02,False,2020-03-06
2020-02-17,29,73,40.92,91.21,0,4.79,False,2020-02-20
2020-02-13,21,76,77.04,78.64,1,0.07,True,2020-02-14
2020-03-28,21,74,75.57,47.53,1,0.66,False,2020-03-29
2020-01-24,47,32,1.17,14.8,1,2.56,False,2020-01-29
2020-04-05,27,47,12.01,78.17,0,1.43,True,2020-04-07
2020-04-06,37,4,7.06,75.89,0,5.76,True,2020-04-12
2020-02-23,17,52,75.08,12.09,0,5.53,True,2020-02-27
2020-04-08,7,90,52.73,4.47,0,0.74,False,2020-04-10
2020-01-12,27,40,32.91,23.98,0,4.03,False,2020-01-18
2020-02-11,24,67,18.51,75.02,0,9.05,False,2020-02-14
2020-01-14,8,74,60.7,98.6,1,1.33,False,2020-01-19
2020-01-12,35,95,82.76,37.18,1,6.27,True,2020-01-18
2020-01-06,18,23,89.65,93.02,0,5.39,False,2020-01-07
2020-01-19,50,10,93.46,22.24,1,1.66,False,2020-01-22
2020-01-31,1,14,14.61,98.1,0,6.51,True,2020-02-03
2020-03-28,27,29,49.5,5.84,0,2.27,False,2020-04-02
2020-02-13,37,24,56.02,24.78,1,8.22,True,2020-02-18
2020-03-31,40,94,10.94,66.89,0,8.27,False,2020-04-07
2020-03-09,25,94,19.23,99.28,0,6.18,False,2020-03-13
2020-01-20,47,37,39.46,95.8,1,5.7,True,2020-01-27
2020-02-20,48,58,49.73,6.96,0,3.54,True,2020-02-26
2020-03-15,2,1,80.48,51.04,1,7.57,True,2020-03-17
2020-03-13,45,47,46.49,65.63,0,8.9,True,2020-03-14
2020-03-31,34,37,63.29,28.88,1,3.9,False,2020-04-07
2020-03-25,16,89,3.98,58.59,1,3.2,False,2020-03-27
2020-02-03,46,62,72.63,69.12,0,1.24,False,2020-02-10
2020-01-20,50,98,14.01,11.59,0,4.7,True,2020-01-22
2020-03-31,20,60,33.49,69.44,1,3.63,True,2020-04-01
2020-02-10,35,41,47.42,76.5,0,0.66,True,2020-02-17
2020-01-16,36,33,92.67,43.36,1,8.8,False,2020-01-17
2020-03-25,4,84,79.29,24.2,1,4.48,False,2020-03-30
2020-02-23,13,94,39.96,55.8,0,5.47,False,2020-02-28
2020-02-16,2,46,43.14,64.13,1,3.32,False,2020-02-21
2020-03-15,35,94,14.01,6.8,1,6.22,False,2020-03-16
2020-01-28,11,5,74.72,83.41,1,9.2,False,2020-02-02
2020-02-01,34,4,79.31,31.16,0,6.88,False,2020-02-07
2020-04-06,22,20,4.44,81.58,1,5.48,True,2020-04-07
2020-01-07,15,85,87.08,92.84,1,3.22,True,2020-01-08
2020-03-20,9,82,5.31,61.56,0,4.38,True,2020-03-22
2020-04-05,35,68,92.13,44.65,1,6.4,True,2020-04-06
2020-04-04,29,61,66.77,68.37,1,6.8,False,2020-04-10
2020-02-11,25,60,65.6,99.71,1,2.95,True,2020-02-13
2020-02-01,25,17,49.15,93.67,1,2.21,False,2020-02-05
2020-02-09,42,43,80.07,78.83,0,5.44,False,2020-02-15
2020-02-15,47,79,4.31,38.91,1,3.53,True,2020-02-22
2020-02-07,42,72,48.12,34.13,0,4.04,True,2020-02-09
2020-01-02,21,42,34.3,66.35,0,4.59,False,2020-01-09
2020-02-29,3,90,75.57,38.25,1,5.36,False,2020-03-05
2020-02-11,7,13,95.98,50.28,1,2.59,True,2020-02-15
2020-02-28,2,86,54.64,95.4,1,9.21,False,2020-03-06
2020-02-07,20,36,66.21,70.89,0,2.84,True,2020-02-08
2020-02-07,30,36,6.59,73.1,0,3.82,False,2020-02-13
2020-03-01,37,28,51.27,21.0,1,5.5,True,2020-03-07
2020-03-11,12,97,33.54,73.11,1,2.21,True,2020-03-15
2020-02-13,44,50,54.14,74.5,1,9.7,True,2020-02-16
2020-02-29,5,49,71.29,5.82,0,4.16,False,2020-03-06
2020-02-02,50,74,33.66,79.74,0,1.77,True,2020-02-04
2020-01-15,17,48,11.0,59.61,0,9.48,True,2020-01-19
2020-02-09,32,57,38.51,20.83,1,4.04,True,2020-02-12
2020-03-31,26,11,51.42,68.48,0,7.24,False,2020-04-05
2020-02-25,29,76,91.31,74.13,0,8.76,True,2020-02-28
2020-03-07,22,20,15.26,44.01,1,1.09,False,2020-03-14
2020-03-04,33,41,55.95,54.96,0,9.92,False,2020-03-07
2020-03-27,47,89,44.62,44.58,1,7.83,True,2020-04-03
2020-03-28,24,63,58.63,17.27,1,9.34,False,2020-03-30
2020-03-26,25,91,55.38,38.98,0,5.38,False,2020-03-29
2020-01-24,33,45,61.69,34.35,0,6.68,True,2020-01-27
2020-01-08,31,47,80.42,9.77,1,0.3,False,2020-01-14
2020-02-05,49,38,67.96,38.03,0,8.86,True,2020-02-06
2020-02-29,36,19,56.65,45.99,1,7.43,False,2020-03-04
2020-04-01,33,8,46.86,20.21,1,0.62,False,2020-04-06
2020-01-16,32,49,10.03,98.43,1,0.49,True,2020-01-17
2020-02-17,22,87,3.78,61.87,1,5.14,False,2020-02-22
2020-03-11,33,17,75.75,9.39,0,8.98,True,2020-03-12
2020-01-14,12,99,30.82,27.18,1,1.76,False,2020-01-20
2020-02-08,49,96,65.05,20.7,1,7.35,True,2020-02-09
2020-02-05,4,53,98.23,44.44,0,0.32,False,2020-02-11
2020-03-12,9,43,7.99,64.38,1,6.07,True,2020-03-15
2020-03-27,20,77,95.45,73.51,0,3.92,False,2020-03-30
2020-01-12,6,100,67.42,63.01,1,3.8,True,2020-01-17
2020-02-25,41,14,74.06,31.47,0,2.39,False,2020-03-03
2020-02-02,22,57,95.33,40.56,1,0.72,True,2020-02-03
2020-01-25,15,34,38.68,99.47,0,2.22,False,2020-01-29
2020-01-19,50,14,38.78,54.33,1,0.37,False,2020-01-20
2020-01-29,49,76,40.39,11.55,1,6.61,True,2020-01-31
2020-03-20,39,36,2.42,18.5,1,7.37,False,2020-03-27
2020-01-03,42,5,95.52,67.56,0,9.64,True,2020-01-06
2020-03-04,46,4,7.9,46.68,0,1.81,False,2020-03-10
2020-01-09,28,27,31.63,56.69,0,3.21,True,2020-01-11
2020-02-13,3,37,95.73,31.38,0,1.09,True,2020-02-20
2020-04-02,21,5,80.84,49.12,0,8.74,False,2020-04-03
2020-03-25,29,85,10.33,99.1,1,3.36,True,2020-03-29
2020-02-05,20,17,56.51,47.53,1,1.66,True,2020-02-11
2020-01-11,36,77,41.55,31.53,1,7.33,False,2020-01-17
2020-03-27,16,96,20.46,67.44,0,6.33,True,2020-03-31
2020-03-04,42,62,88.28,55.72,0,1.77,False,2020-03-08
2020-04-09,4,54,97.84,31.14,0,6.43,False,2020-04-12
2020-01-30,50,60,71.08,91.32,1,1.22,False,2020-01-31
2020-02-09,27,15,82.35,41.71,0,2.07,False,2020-02-11
2020-03-28,36,46,7.97,58.38,1,1.12,False,2020-03-30
2020-01-16,43,77,83.02,67.26,0,5.48,True,2020-01-23
2020-04-09,6,81,13.62,29.96,1,1.93,True,2020-04-12
2020-03-16,15,53,33.44,24.88,0,8.32,False,2020-03-20
2020-03-06,19,33,30.56,5.81,1,9.68,False,2020-03-08
2020-01-08,39,51,34.38,41.8,0,8.79,True,2020-01-15
2020-02-28,3,38,62.89,92.53,0,7.64,True,2020-03-01
2020-02-03,47,73,74.5,36.37,0,4.18,False,2020-02-10
2020-01-12,44,84,25.0,68.64,0,3.48,False,2020-01-17
2020-02-26,7,44,46.52,37.32,0,0.91,True,2020-02-28
2020-02-04,17,1,92.66,16.92,1,1.86,False,2020-02-06
2020-03-04,41,76,19.32,44.6,1,6.39,False,2020-03-05
2020-04-09,5,51,37.72,71.34,0,5.89,False,2020-04-10
2020-04-03,6,41,15.32,86.88,1,2.58,True,2020-04-09
2020-03-18,40,3,80.96,72.32,1,8.18,True,2020-03-24
2020-03-09,13,77,68.82,81.91,1,9.69,False,2020-03-16
2020-01-05,31,52,96.49,91.81,1,1.7,False,2020-01-11
2020-01-08,42,84,60.58,36.07,0,5.32,False,2020-01-13
2020-03-20,2,12,36.09,7.38,1,5.26,False,2020-03-24
2020-03-16,10,87,86.2,52.33,0,9.98,True,2020-03-20
2020-02-18,1,60,65.17,0.42,1,8.8,False,2020-02-23
2020-01-18,40,9,40.31,76.05,0,1.24,True,2020-01-24
2020-04-08,25,80,14.35,43.28,1,3.79,True,2020-04-12
2020-03-05,25,18,71.85,45.05,0,7.23,True,2020-03-10
2020-03-04,32,71,61.3,87.95,0,3.4,True,2020-03-09
2020-04-06,24,48,0.42,84.29,0,0.68,True,2020-04-09
2020-01-17,37,82,7.58,43.2,0,3.06,False,2020-01-22
2020-01-31,43,80,58.94,35.62,1,0.6,True,2020-02-07
2020-02-15,15,5,60.82,79.78,0,9.66,True,2020-02-22
2020-02-19,19,48,88.15,21.14,0,1.03,True,2020-02-25
2020-01-12,8,75,67.4,43.44,1,5.61,False,2020-01-18
2020-03-31,31,32,84.06,46.11,0,1.51,True,2020-04-07
2020-01-21,17,65,83.04,65.89,1,2.62,False,2020-01-22
2020-03-13,27,66,78.81,39.72,1,2.93,True,2020-03-16
2020-01-14,28,55,61.51,99.13,0,8.94,False,2020-01-18
2020-01-19,17,50,24.83,47.66,0,2.94,True,2020-01-23
2020-01-17,38,15,78.87,52.09,0,2.4,False,2020-01-22
2020-03-30,48,1,96.73,65.1,1,9.14,False,2020-04-03
2020-02-21,48,79,55.35,15.84,1,6.56,True,2020-02-27
2020-01-05,20,54,33.49,79.55,1,2.32,True,2020-01-08
2020-03-30,39,83,9.9,36.65,1,6.71,True,2020-04-06
2020-01-23,49,95,64.19,87.85,0,8.27,False,2020-01-30
2020-02-10,15,26,5.57,15.23,0,8.57,True,2020-02-11
2020-02-22,26,85,15.62,46.4,1,2.72,False,2020-02-25
2020-01-29,43,100,68.36,58.26,1,6.24,False,2020-02-04
2020-02-24,19,36,54.87,27.09,1,5.44,True,2020-03-02
2020-02-04,18,9,31.9,37.03,0,9.38,True,2020-02-06
2020-04-08,30,14,49.59,27.52,0,0.5,True,2020-04-11
2020-03-18,36,20,52.06,51.85,1,5.41,False,2020-03-23
2020-03-06,23,40,76.19,84.22,1,2.7,False,2020-03-13
2020-01-28,2,62,95.37,85.51,0,1.25,True,2020-02-03
2020-02-28,48,60,44.19,25.2,1,2.45,True,2020-02-29
2020-01-21,14,83,26.43,84.8,0,8.48,True,2020-01-22
2020-01-16,31,76,70.18,62.63,1,9.16,False,2020-01-20
2020-03-28,49,86,24.81,96.16,0,5.4,True,2020-04-04
2020-01-10,5,31,55.67,49.17,0,0.51,False,2020-01-17
2020-01-29,6,84,96.16,85.5,0,1.39,True,2020-01-31
2020-04-08,1,31,18.19,60.46,1,4.59,False,2020-04-15
2020-01-03,47,71,46.76,26.0,1,9.81,False,2020-01-08
2020-02-20,33,91,44.35,58.12,0,2.21,True,2020-02-22
2020-01-06,50,82,52.23,55.81,0,3.5,False,2020-01-08
2020-01-16,6,65,78.56,7.8,1,5.46,False,2020-01-22
2020-04-03,30,30,75.59,67.12,0,9.91,True,2020-04-06
2020-03-21,40,2,16.35,66.91,0,9.55,False,2020-03-22
2020-03-12,18,59,0.84,62.02,0,0.55,True,2020-03-17
2020-01-04,40,10,71.1,88.14,1,0.33,False,2020-01-07
2020-04-04,10,9,39.7,71.89,0,7.31,False,2020-04-09
2020-03-06,32,64,60.19,15.42,1,6.92,False,2020-03-08
2020-03-13,8,51,11.15,86.89,1,9.76,False,2020-03-15
2020-01-02,5,62,91.26,87.24,1,0.52,True,2020-01-05
2020-02-03,3,1,95.02,23.33,0,5.91,True,2020-02-06
2020-01-26,3,5,58.53,18.51,1,6.83,True,2020-01-29
2020-01-26,20,52,19.14,73.69,0,9.17,False,2020-01-27
2020-03-04,8,6,72.55,95.16,1,8.74,False,2020-03-10
2020-02-10,23,6,45.27,87.96,1,5.79,False,2020-02-11
2020-02-29,8,53,65.31,63.35,0,7.39,True,2020-03-01
2020-01-01,15,59,8.22,94.41,1,3.95,True,2020-01-03
2020-01-17,32,36,87.96,12.3,0,2.88,True,2020-01-18
2020-03-05,19,9,13.0,70.59,0,2.09,False,2020-03-11
2020-04-06,25,13,63.75,57.44,1,1.64,True,2020-04-12
2020-01-28,43,71,61.48,0.73,0,8.22,True,2020-02-03
2020-01-26,24,36,19.34,90.24,1,7.3,True,2020-01-30
2020-03-26,49,49,30.9,70.92,1,2.47,False,2020-04-01
2020-03-30,47,56,84.07,72.09,0,3.88,True,2020-03-31
2020-01-30,26,51,80.18,5.18,0,9.94,False,2020-02-06
2020-03-01,40,99,7.87,77.23,1,1.76,True,2020-03-05
2020-03-03,13,20,53.8,72.79,0,0.83,True,2020-03-10
2020-01-15,11,66,21.78,83.51,0,3.5,False,2020-01-17
2020-02-11,42,99,85.08,21.83,0,1.78,True,2020-02-12
2020-03-11,24,28,21.67,86.89,0,9.7,True,2020-03-17
2020-03-08,45,9,2.88,22.22,1,8.89,False,2020-03-11
2020-02-05,47,32,28.06,11.23,1,5.59,False,2020-02-12
2020-01-31,26,8,90.67,65.87,0,8.61,False,2020-02-06
2020-02-13,49,43,20.42,34.96,1,1.17,False,2020-02-20
2020-01-25,9,29,8.48,74.65,1,5.38,False,2020-01-26
2020-04-01,23,28,44.31,4.68,0,9.7,False,2020-04-04
2020-01-26,2,86,3.52,12.36,1,6.83,False,2020-01-28
2020-03-09,39,67,87.82,81.41,0,3.78,True,2020-03-12
2020-02-24,22,11,86.39,51.28,0,7.75,False,2020-03-01
2020-04-08,35,70,78.28,14.89,1,4.18,True,2020-04-09
2020-01-08,48,51,77.67,53.45,1,3.29,True,2020-01-14
2020-03-22,40,86,74.4,15.71,0,5.25,False,2020-03-24
2020-01-22,4,44,40.37,39.01,1,0.95,True,2020-01-25
2020-03-17,36,12,10.68,10.94,1,7.53,True,2020-03-22
2020-02-06,29,28,26.2,42.54,0,6.3,False,2020-02-12
2020-03-10,22,57,12.8,90.51,1,9.99,True,2020-03-12
2020-02-22,23,71,97.12,82.11,1,7.04,True,2020-02-29
2020-02-27,43,57,52.29,26.23,1,9.58,False,2020-03-03
2020-02-11,1,76,52.33,57.7,1,8.77,False,2020-02-18
2020-04-06,45,77,51.45,26.68,1,6.9,False,2020-04-10
2020-03-01,30,20,30.42,97.39,1,6.73,True,2020-03-02
2020-01-15,7,100,31.43,61.78,0,2.97,False,2020-01-21
2020-02-17,31,3,23.0,19.36,1,5.61,True,2020-02-21
2020-03-27,3,46,58.99,32.97,0,4.94,True,2020-04-02
2020-01-27,48,57,0.14,76.76,0,2.0,True,2020-01-28
2020-03-22,24,43,55.1,41.76,1,6.74,False,2020-03-23
2020-01-09,40,47,22.29,16.56,0,3.49,False,2020-01-11
2020-04-09,40,95,72.5,0.14,1,1.75,True,2020-04-14
2020-02-26,32,79,36.9,85.72,1,2.22,True,2020-02-29
2020-02-28,45,58,76.05,26.78,1,6.78,True,2020-03-02
2020-03-24,14,34,25.43,33.47,0,2.14,False,2020-03-27
2020-03-23,19,52,11.34,74.7,0,2.96,False,2020-03-25
2020-02-15,41,100,10.39,93.33,0,8.02,False,2020-02-20
2020-01-19,40,40,41.35,73.08,0,5.29,True,2020-01-21
2020-03-28,29,89,17.16,82.18,1,0.36,True,2020-03-29
2020-01-29,17,30,10.41,26.75,1,4.15,True,2020-02-01
2020-01-21,29,73,93.24,4.2,0,4.11,True,2020-01-26
2020-04-07,43,25,71.89,12.25,0,6.28,True,2020-04-13
2020-02-06,21,18,24.61,52.3,0,2.72,True,2020-02-11
2020-02-29,29,29,36.73,91.07,0,8.03,True,2020-03-01
2020-04-07,33,3,26.04,70.39,1,2.34,False,2020-04-12
2020-02-15,12,33,55.04,73.65,1,2.34,False,2020-02-21
2020-02-21,44,98,33.9,18.93,0,5.26,False,2020-02-26
2020-03-11,7,28,44.41,75.26,0,7.62,True,2020-03-13
2020-01-18,45,23,50.82,1.53,1,9.36,False,2020-01-20
2020-01-24,23,91,79.28,89.86,1,4.5,True,2020-01-26
2020-03-15,32,31,35.22,64.84,0,9.48,False,2020-03-19
2020-02-10,38,17,52.74,16.67,1,3.04,True,2020-02-14
2020-02-04,8,19,16.75,69.34,0,5.52,False,2020-02-06
2020-01-18,46,42,46.18,6.49,0,4.06,False,2020-01-19
2020-02-09,2,2,74.79,63.65,1,3.57,True,2020-02-13
2020-03-17,39,42,66.05,46.94,1,5.49,True,2020-03-19
2020-01-06,27,49,7.62,61.76,0,0.21,True,2020-01-07
2020-03-08,5,52,2.37,61.77,1,1.05,False,2020-03-13
2020-02-03,44,3,49.61,17.71,1,0.73,True,2020-02-05
2020-01-09,1,80,4.39,88.33,1,1.43,True,2020-01-10
2020-01-24,1,85,69.69,60.03,0,2.98,False,2020-01-30
2020-02-05,35,63,42.64,72.06,0,5.98,False,2020-02-12
2020-04-09,3,86,11.54,20.18,0,7.97,True,2020-04-12
2020-02-14,37,14,87.24,64.82,0,4.04,True,2020-02-16
2020-03-19,11,36,71.12,77.13,0,6.56,False,2020-03-26
2020-03-26,30,68,22.84,67.44,0,1.6,True,2020-03-27
2020-03-09,19,13,79.7,20.19,0,4.77,True,2020-03-10
2020-02-27,29,43,99.08,42.7,1,7.15,False,2020-03-03
2020-03-08,47,66,13.61,84.35,1,6.63,True,2020-03-09
2020-04-07,36,17,12.32,71.96,1,0.51,True,2020-04-12
2020-03-01,17,71,49.11,90.43,1,3.15,False,2020-03-03
2020-02-16,39,81,20.97,34.22,0,7.8,True,2020-02-18
2020-01-30,46,96,41.56,53.91,0,4.08,True,2020-02-05
2020-02-17,41,79,66.06,95.54,0,3.45,False,2020-02-20
2020-02-25,12,34,63.36,99.66,1,9.77,True,2020-03-02
2020-01-04,39,24,43.13,14.3,1,9.86,True,2020-01-06
2020-03-29,25,40,94.83,84.77,0,3.76,False,2020-04-01
2020-03-26,40,73,12.92,67.58,0,2.64,True,2020-03-29
2020-02-15,9,12,31.58,55.48,1,7.22,True,2020-02-17
2020-02-23,12,69,11.33,1.32,0,7.2,False,2020-02-25
2020-02-03,38,8,3.04,26.92,0,5.1,False,2020-02-09
2020-02-02,36,91,44.7,6.3,0,2.34,True,2020-02-04
2020-02-18,8,30,59.95,35.93,0,2.14,True,2020-02-22
2020-03-20,26,38,72.76,10.9,1,5.19,True,2020-03-21
2020-03-01,23,84,89.59,50.34,0,4.01,False,2020-03-08
2020-04-03,28,16,66.72,90.05,0,6.87,False,2020-04-06
2020-01-17,2,54,9.41,21.86,0,6.45,True,2020-01-24
2020-01-10,39,62,61.65,73.23,0,8.58,True,2020-01-16
2020-02-20,11,63,63.66,8.17,1,0.96,True,2020-02-25
2020-03-13,28,5,4.59,96.49,0,6.03,False,2020-03-14
2020-03-03,33,61,46.44,91.71,0,4.44,False,2020-03-09
2020-03-14,42,45,46.59,75.79,0,5.22,False,2020-03-15
2020-03-30,14,4,25.03,50.37,0,2.37,False,2020-04-02
2020-02-07,47,50,51.83,75.13,0,8.0,False,2020-02-10
2020-02-16,32,15,74.5,86.12,0,6.55,False,2020-02-19
2020-02-14,22,54,64.13,69.58,1,0.87,False,2020-02-20
2020-03-03,36,69,40.54,78.59,0,7.29,True,2020-03-09
2020-02-12,17,21,35.03,23.73,1,7.57,False,2020-02-19
2020-02-27,43,92,64.98,67.52,1,6.06,True,2020-02-28
2020-02-20,13,98,74.75,54.22,1,8.69,False,2020-02-23
2020-03-16,46,7,58.14,7.99,1,0.81,True,2020-03-21
2020-01-12,47,25,49.71,33.83,0,4.03,False,2020-01-19
2020-03-13,42,24,24.61,9.72,0,9.15,False,2020-03-18
2020-04-04,38,70,25.71,12.43,0,7.33,True,2020-04-09
2020-03-22,45,98,77.0,74.34,0,2.78,True,2020-03-26
2020-01-19,46,87,71.79,35.5,1,0.22,False,2020-01-24
2020-03-09,32,49,35.44,44.93,1,8.43,True,2020-03-13
2020-04-08,40,44,9.94,24.37,0,0.71,False,2020-04-15
2020-03-09,33,84,54.89,79.82,1,0.9,True,2020-03-16
2020-01-29,26,96,91.77,14.13,1,9.83,True,2020-02-01
2020-02-21,23,74,88.25,35.87,0,9.96,False,2020-02-25
2020-01-04,37,96,39.41,51.36,1,6.17,False,2020-01-05
2020-01-29,6,77,36.57,9.84,0,2.4,False,2020-02-05
2020-03-26,31,77,24.76,68.55,1,4.61,False,2020-04-01
2020-01-17,10,10,81.16,97.59,1,3.91,False,2020-01-22
2020-02-02,11,66,37.71,13.78,1,8.38,False,2020-02-05
2020-01-03,6,5,30.77,25.67,1,3.77,True,2020-01-09
2020-03-19,47,68,15.21,79.82,1,9.03,True,2020-03-23
2020-01-29,36,56,74.12,40.08,0,4.18,False,2020-02-05
2020-04-04,29,51,20.87,68.51,0,8.94,True,2020-04-05
2020-01-15,17,14,83.16,99.96,0,6.19,True,2020-01-20
2020-01-05,40,27,18.01,63.88,0,6.61,False,2020-01-06
2020-02-18,36,80,40.62,66.82,1,0.23,False,2020-02-23
2020-03-31,18,96,65.52,50.91,1,8.32,False,2020-04-05
2020-02-14,20,6,92.01,48.73,1,2.07,False,2020-02-15
2020-01-19,26,91,84.6,57.68,0,3.87,False,2020-01-25
2020-03-27,34,17,80.5,35.48,0,0.38,True,2020-04-01
2020-01-05,15,30,24.34,83.16,0,9.09,True,2020-01-10
2020-02-07,45,9,8.02,59.73,1,2.94,False,2020-02-14
2020-03-04,20,33,39.26,9.85,0,3.27,True,2020-03-07
2020-03-21,33,63,13.93,45.75,1,0.47,True,2020-03-27
2020-03-18,9,31,82.52,65.23,0,3.87,False,2020-03-21
2020-04-02,25,2,2.13,65.57,0,4.24,False,2020-04-05
2020-01-30,47,15,7.61,88.01,0,1.51,True,2020-02-04
2020-02-11,36,81,35.7,37.69,1,7.43,False,2020-02-13
2020-04-07,5,36,38.16,38.75,1,7.63,False,2020-04-11
2020-02-24,22,27,1.57,19.99,0,3.76,True,2020-03-01
2020-02-04,41,65,34.01,61.92,1,9.55,False,2020-02-10
2020-03-06,33,12,18.88,50.44,1,6.23,True,2020-03-09
2020-03-18,34,56,10.51,22.38,0,6.16,False,2020-03-22
2020-01-16,25,86,61.43,34.75,1,2.97,False,2020-01-21
2020-02-19,49,89,39.44,80.8,1,3.13,False,2020-02-20
2020-01-09,27,99,65.79,7.69,1,0.11,True,2020-01-15
2020-03-04,24,37,76.18,65.94,1,3.24,True,2020-03-08
2020-04-06,15,54,50.37,16.06,0,6.69,True,2020-04-09
2020-04-07,36,80,87.46,12.96,1,2.98,False,2020-04-12
2020-01-02,28,78,91.93,63.03,1,9.27,True,2020-01-06
2020-03-29,34,32,82.47,45.96,1,9.2,False,2020-04-05
2020-01-03,26,59,66.41,29.9,0,4.51,True,2020-01-08
2020-01-30,26,98,30.23,67.95,0,9.83,True,2020-02-04
2020-01-27,44,47,64.83,99.6,1,0.59,False,2020-02-02
2020-01-03,30,4,76.07,17.19,0,3.0,False,2020-01-05
2020-01-26,27,45,76.67,23.39,1,9.82,False,2020-01-30
2020-03-10,43,51,25.67,42.38,0,2.1,False,2020-03-12
2020-01-04,50,99,26.94,26.95,0,4.29,True,2020-01-10
2020-04-08,18,3,2.67,57.24,0,6.66,False,2020-04-10
2020-01-13,19,56,85.29,13.28,0,9.85,True,2020-01-17
2020-01-20,18,33,54.53,65.4,0,6.39,False,2020-01-26
2020-03-02,9,77,63.72,7.18,0,4.8,True,2020-03-03
2020-03-28,15,1,76.27,9.91,1,0.79,False,2020-03-30
2020-01-23,15,31,54.98,21.06,1,3.5,True,2020-01-25
2020-03-04,37,50,75.8,72.49,1,2.47,False,2020-03-07
2020-01-04,10,66,78.63,17.15,1,5.16,True,2020-01-11
2020-01-10,22,41,91.19,70.37,1,6.36,False,2020-01-11
2020-03-24,14,3,50.95,41.88,1,9.93,False,2020-03-28
2020-02-15,9,2,59.51,17.93,0,0.89,False,2020-02-19
2020-01-31,7,61,6.1,98.48,0,8.25,True,2020-02-02
2020-01-28,38,39,93.96,25.63,0,0.16,True,2020-01-30
2020-03-26,15,8,78.31,27.76,1,9.42,False,2020-03-27
2020-03-03,46,78,92.44,40.87,1,2.33,True,2020-03-09
2020-01-22,40,8,97.77,60.93,1,9.94,False,2020-01-23
2020-01-21,28,3,81.1,98.11,1,2.3,True,2020-01-28
2020-02-18,33,94,87.36,42.2,1,3.42,False,2020-02-20
2020-01-12,41,73,77.55,35.12,1,1.28,False,2020-01-18
2020-01-28,46,33,98.53,13.04,0,1.29,True,2020-01-31
2020-01-10,41,43,38.14,22.13,1,9.49,True,2020-01-14
2020-02-04,16,24,36.32,36.08,1,5.05,False,2020-02-09
2020-01-24,36,3,50.89,86.08,1,2.52,False,2020-01-31
2020-01-07,32,49,34.61,98.87,1,7.81,True,2020-01-14
2020-03-18,33,52,50.01,46.66,1,1.17,True,2020-03-24
2020-01-11,48,53,97.83,54.94,1,5.19,True,2020-01-18
2020-01-11,27,87,98.26,75.03,1,2.63,True,2020-01-16
2020-02-27,28,69,83.29,42.71,1,2.9,False,2020-03-04
2020-01-12,31,5,18.43,78.52,1,5.64,True,2020-01-16
2020-02-10,25,81,90.62,5.03,1,0.69,True,2020-02-15
2020-02-27,31,88,84.38,34.91,1,2.77,True,2020-02-29
2020-03-16,46,95,63.17,11.92,0,4.83,True,2020-03-17
2020-04-08,18,78,27.62,70.45,0,9.2,False,2020-04-10
2020-03-25,34,97,25.16,97.55,1,7.94,True,2020-04-01
2020-01-30,45,82,94.32,5.22,0,9.15,True,2020-02-04
2020-03-26,33,90,29.41,40.18,0,7.56,False,2020-03-31
2020-02-07,12,34,98.5,97.34,1,2.97,True,2020-02-12
2020-04-06,21,33,76.54,60.19,1,6.56,True,2020-04-09
2020-01-04,44,65,45.44,40.38,0,1.92,False,2020-01-10
2020-01-21,10,70,14.35,51.37,0,2.17,False,2020-01-24
2020-02-04,30,4,21.16,93.48,1,8.95,False,2020-02-08
2020-02-11,31,35,9.87,62.26,1,1.2,False,2020-02-13
2020-03-28,39,27,43.18,61.91,0,4.04,True,2020-03-31
2020-01-30,8,98,9.23,12.88,0,1.63,False,2020-02-06
2020-01-18,13,29,10.49,26.19,1,1.49,False,2020-01-25
2020-02-23,49,99,3.85,6.77,0,3.17,True,2020-02-25
2020-01-01,38,38,29.88,74.24,1,2.23,True,2020-01-02
2020-02-25,11,70,59.03,28.67,1,5.01,False,2020-03-02
2020-03-19,24,65,56.23,32.04,0,4.48,False,2020-03-22
2020-02-05,7,3,66.87,23.15,0,6.34,True,2020-02-07
2020-02-16,34,69,18.47,24.31,0,1.7,True,2020-02-17
2020-03-21,24,62,74.88,38.34,0,7.09,False,2020-03-23
2020-04-06,36,82,89.19,54.59,1,6.55,True,2020-04-07
2020-03-28,46,77,95.62,3.94,1,0.49,False,2020-03-29
2020-03-21,3,54,19.7,69.3,1,3.26,False,2020-03-25
2020-03-13,30,96,45.41,76.8,0,1.19,False,2020-03-18
2020-03-18,40,35,69.13,58.82,0,2.29,False,2020-03-21
2020-02-20,23,21,88.2,49.78,0,6.85,False,2020-02-24
2020-03-25,2,18,7.79,91.82,1,7.55,True,2020-03-30
2020-04-01,50,95,25.87,32.69,1,7.97,False,2020-04-05
2020-03-12,16,15,95.7,17.38,0,0.99,False,2020-03-15
2020-03-02,22,30,79.02,36.95,0,0.32,True,2020-03-08
2020-04-08,27,14,25.62,9.14,0,3.14,False,2020-04-14
2020-01-24,30,39,31.43,12.69,1,1.29,False,2020-01-31
2020-02-06,11,62,94.16,93.91,0,0.49,False,2020-02-08
2020-03-18,32,52,5.3,17.3,0,8.5,True,2020-03-23
2020-02-03,7,16,27.35,69.91,0,3.08,False,2020-02-07
2020-02-17,14,50,37.66,43.08,1,8.87,False,2020-02-24
2020-02-18,20,14,15.21,84.25,1,3.32,True,2020-02-24
2020-02-21,34,68,21.37,36.48,0,6.07,False,2020-02-23
2020-04-01,26,34,52.38,77.02,1,6.72,True,2020-04-07
2020-02-03,40,71,28.15,2.07,1,2.08,False,2020-02-09
2020-01-22,30,98,53.64,21.97,0,3.26,True,2020-01-27
2020-01-09,6,53,87.51,14.89,0,0.08,True,2020-01-15
2020-03-21,14,13,10.31,29.46,0,1.82,True,2020-03-28
2020-01-01,42,12,59.31,20.53,0,7.29,True,2020-01-04
2020-01-10,38,50,98.79,74.76,1,5.31,True,2020-01-13
2020-03-08,38,15,7.91,34.14,0,7.15,False,2020-03-10
2020-03-09,48,99,28.57,41.09,0,1.11,False,2020-03-15
2020-02-10,11,79,63.34,52.27,1,7.01,False,2020-02-13
2020-01-17,13,70,50.46,97.88,0,6.12,False,2020-01-21
2020-01-23,14,72,73.77,43.69,1,8.61,False,2020-01-25
2020-03-11,39,62,71.87,53.21,0,9.06,True,2020-03-18
2020-01-31,43,35,1.17,63.21,1,8.96,False,2020-02-03
2020-02-18,6,53,43.0,86.46,0,0.34,True,2020-02-23
2020-01-19,21,97,86.17,30.01,0,3.97,True,2020-01-24
2020-03-18,21,98,1.37,69.93,0,8.02,False,2020-03-22
2020-01-06,48,67,60.57,16.42,0,2.25,True,2020-01-13
2020-03-18,19,17,77.92,62.65,0,6.56,False,2020-03-21
2020-03-03,32,27,50.51,73.41,1,8.75,True,2020-03-08
2020-02-12,30,68,22.87,22.26,0,6.4,False,2020-02-19
2020-01-16,20,63,83.97,64.82,0,9.87,False,2020-01-20
2020-03-06,43,75,26.83,50.14,1,4.7,True,2020-03-08
2020-01-16,28,48,98.75,29.38,0,8.46,False,2020-01-22
2020-04-01,25,44,86.17,88.27,1,8.6,False,2020-04-07
2020-03-13,25,99,16.28,19.25,1,0.16,True,2020-03-16
2020-03-06,31,72,17.72,81.34,0,7.69,False,2020-03-13
2020-02-20,45,46,91.82,45.17,0,7.4,True,2020-02-27
2020-03-16,36,48,46.29,72.35,1,4.57,False,2020-03-19
2020-02-16,22,41,99.26,44.29,1,6.88,False,2020-02-20
2020-01-03,36,14,92.84,83.74,0,4.32,True,2020-01-07
2020-04-01,38,57,10.31,38.93,1,3.35,True,2020-04-04
2020-01-03,38,48,40.08,20.77,1,2.15,False,2020-01-05
2020-02-15,38,99,51.06,12.07,1,5.22,True,2020-02-19
2020-01-02,18,82,35.48,80.96,1,2.95,False,2020-01-07
2020-03-27,36,70,96.06,35.96,1,4.84,True,2020-03-28
2020-02-18,48,67,85.57,65.54,0,1.5,False,2020-02-19
2020-01-21,23,72,62.62,45.25,0,2.52,False,2020-01-25
2020-03-24,45,78,92.73,14.65,0,3.46,False,2020-03-30
2020-03-20,12,27,56.79,67.19,1,2.27,True,2020-03-25
2020-02-15,17,60,41.11,41.76,0,5.56,False,2020-02-20
2020-03-28,1,99,93.16,72.89,1,4.82,False,2020-03-31
2020-03-03,3,66,3.84,61.44,1,1.48,False,2020-03-09
2020-01-08,4,50,87.87,71.5,0,4.4,False,2020-01-14
2020-02-12,20,11,13.92,57.87,1,8.51,True,2020-02-14
2020-04-02,19,98,52.92,99.92,0,8.18,True,2020-04-09
2020-02-17,13,97,26.86,53.48,1,2.21,True,2020-02-23
2020-02-05,6,93,60.32,86.99,1,7.54,True,2020-02-10
2020-01-14,3,91,27.02,25.93,1,3.09,True,2020-01-18
2020-02-18,18,4,84.77,92.13,1,0.85,True,2020-02-21
2020-02-04,47,11,28.09,70.67,0,3.22,False,2020-02-11
2020-01-12,38,32,66.57,22.53,1,7.12,True,2020-01-18
2020-02-13,31,50,80.58,18.28,0,1.69,True,2020-02-17
2020-03-17,18,53,61.09,6.15,1,9.51,True,2020-03-19
2020-02-18,44,79,58.86,2.28,0,6.33,False,2020-02-24
2020-03-24,43,47,83.64,54.69,1,9.68,False,2020-03-25
2020-03-11,49,45,71.54,40.45,1,4.17,True,2020-03-12
2020-02-06,42,76,43.39,27.58,0,0.29,True,2020-02-13
2020-03-19,39,55,41.48,78.89,0,4.59,True,2020-03-25
2020-02-29,6,10,74.08,30.36,0,8.77,True,2020-03-06
2020-03-12,23,90,37.41,52.82,1,9.44,False,2020-03-14
2020-02-27,37,76,97.95,19.98,1,6.74,False,2020-02-28
2020-02-29,17,28,43.94,38.89,1,2.34,False,2020-03-03
2020-02-24,11,11,65.53,8.69,1,2.75,False,2020-03-01
2020-03-31,50,87,7.47,90.65,0,2.41,False,2020-04-05
2020-01-17,20,41,42.22,48.41,0,4.98,True,2020-01-19
2020-01-01,23,43,37.53,51.25,0,0.56,False,2020-01-05
2020-01-04,13,30,95.64,9.4,0,3.23,False,2020-01-05
2020-02-03,30,5,2.48,76.61,0,7.03,False,2020-02-05
2020-02-15,33,75,89.8,34.12,0,2.31,False,2020-02-19
2020-01-14,27,80,90.14,92.13,0,0.14,True,2020-01-16
2020-02-16,24,46,16.76,1.41,0,7.99,True,2020-02-23
2020-01-02,46,68,79.83,59.1,0,9.98,False,2020-01-04
2020-01-06,43,45,0.21,25.63,1,6.51,False,2020-01-11
2020-04-02,8,71,64.33,10.61,0,0.45,True,2020-04-07
2020-01-04,18,67,68.79,77.19,0,1.82,False,2020-01-07
2020-01-01,34,39,91.14,81.3,1,0.09,True,2020-01-06
2020-04-01,19,98,13.56,69.9,0,6.13,False,2020-04-08
2020-02-11,48,89,34.1,64.33,0,0.2,True,2020-02-15
2020-03-18,12,13,42.02,68.21,0,6.67,False,2020-03-22
2020-01-05,47,1,28.28,0.85,1,4.62,True,2020-01-10
2020-02-06,32,18,68.04,69.34,0,5.51,False,2020-02-09
2020-01-16,14,57,2.34,67.81,1,0.95,False,2020-01-20
2020-01-15,39,87,74.48,82.77,1,3.99,True,2020-01-21
2020-03-05,9,81,18.35,82.29,1,0.48,False,2020-03-12
2020-04-01,27,57,3.59,34.85,1,6.65,False,2020-04-04
2020-02-26,35,73,69.76,48.89,0,3.01,False,2020-03-01
2020-01-15,45,16,70.68,16.09,0,3.27,False,2020-01-21
2020-02-11,16,50,74.23,39.61,0,5.43,False,2020-02-15
2020-02-18,27,55,85.23,96.83,1,9.51,False,2020-02-22
2020-02-18,38,71,5.38,84.98,0,9.1,True,2020-02-25
2020-01-29,23,61,20.32,98.01,1,1.12,True,2020-01-30
2020-03-25,22,16,79.34,44.8,1,3.61,False,2020-04-01
2020-04-02,43,54,41.06,84.99,1,6.36,False,2020-04-03
2020-03-15,36,23,21.14,75.31,1,7.75,False,2020-03-19
2020-04-05,22,63,62.49,2.14,1,7.12,False,2020-04-06
2020-03-06,23,57,43.44,28.66,0,9.24,False,2020-03-12
