TRANS_ID,PROD_KEY,STORE_KEY,TRANS_DT,TRANS_TIME,SALES_QTY,SALES_PRICE,SALES_AMT,DISCOUNT,SALES_COST,SALES_MGRN,SHIP_COST
1,23,19,2020-03-28,21,7,7.51,52.57,0.07,47.31,5.26,3.19
2,78,32,2020-02-05,17,8,16.79,134.32,0.14,120.89,13.43,4.28
3,99,42,2020-02-10,23,6,14.97,89.82,0.16,80.84,8.98,4.87
4,85,13,2020-03-25,6,2,11.88,23.76,0.14,21.38,2.38,0.81
5,94,26,2020-02-14,21,3,2.78,8.34,0.05,7.51,0.83,2.11
6,100,25,2020-01-02,15,6,13.82,82.92,0.0,74.63,8.29,3.06
7,52,27,2020-03-07,20,1,10.07,10.07,0.18,9.06,1.01,2.51
8,60,41,2020-02-20,0,10,14.07,140.7,0.02,126.63,14.07,1.3
9,62,30,2020-01-25,1,9,10.66,95.94,0.17,86.35,9.59,3.37
10,70,1,2020-03-31,3,4,3.69,14.76,0.07,13.28,1.48,4.52
11,28,5,2020-01-13,1,3,3.83,11.49,0.13,10.34,1.15,2.63
12,66,42,2020-02-26,2,6,4.54,27.24,0.16,24.52,2.72,1.31
13,11,15,2020-03-15,0,1,8.81,8.81,0.09,7.93,0.88,4.6
14,26,31,2020-03-17,6,7,18.25,127.75,0.13,114.98,12.77,4.86
15,81,24,2020-01-20,16,8,6.1,48.8,0.18,43.92,4.88,4.54
16,75,10,2020-02-12,4,10,12.62,126.2,0.14,113.58,12.62,2.75
17,97,32,2020-01-16,10,1,8.57,8.57,0.01,7.71,0.86,0.53
18,66,10,2020-02-15,21,3,16.57,49.71,0.09,44.74,4.97,4.32
19,47,39,2020-02-19,12,5,16.43,82.15,0.05,73.94,8.21,0.9
20,19,17,2020-01-15,23,10,6.73,67.3,0.12,60.57,6.73,3.95
21,16,18,2020-03-11,11,9,16.14,145.26,0.15,130.73,14.53,4.65
22,94,29,2020-04-09,23,7,8.98,62.86,0.0,56.57,6.29,2.59
23,18,19,2020-03-02,18,5,18.75,93.75,0.13,84.38,9.37,1.01
24,42,5,2020-03-02,5,9,7.93,71.37,0.17,64.23,7.14,3.88
25,94,42,2020-02-29,5,7,18.75,131.25,0.13,118.12,13.13,0.79
26,24,44,2020-03-09,16,6,13.58,81.48,0.19,73.33,8.15,0.86
27,60,23,2020-04-01,11,6,6.02,36.12,0.11,32.51,3.61,3.24
28,59,49,2020-03-12,5,3,10.6,31.8,0.06,28.62,3.18,4.28
29,41,23,2020-01-05,6,10,15.56,155.6,0.02,140.04,15.56,1.54
30,18,2,2020-01-21,3,3,3.64,10.92,0.02,9.83,1.09,4.45
31,41,20,2020-03-18,3,6,8.48,50.88,0.17,45.79,5.09,4.23
32,17,4,2020-01-26,23,9,10.57,95.13,0.18,85.62,9.51,2.1
33,24,39,2020-02-13,3,8,5.82,46.56,0.03,41.9,4.66,4.87
34,16,27,2020-02-09,2,8,15.68,125.44,0.12,112.9,12.54,2.51
35,98,37,2020-01-23,18,10,13.92,139.2,0.18,125.28,13.92,0.96
36,94,21,2020-03-26,15,3,12.06,36.18,0.02,32.56,3.62,2.17
37,77,20,2020-04-09,1,6,15.02,90.12,0.04,81.11,9.01,4.47
38,29,18,2020-02-02,11,1,12.79,12.79,0.13,11.51,1.28,4.16
39,29,1,2020-01-07,0,1,19.98,19.98,0.0,17.98,2.0,3.19
40,32,43,2020-01-10,10,9,1.48,13.32,0.05,11.99,1.33,2.11
41,6,16,2020-02-16,5,4,16.46,65.84,0.16,59.26,6.58,1.86
42,98,12,2020-03-10,12,4,18.0,72.0,0.01,64.8,7.2,1.39
43,58,3,2020-03-17,23,6,2.62,15.72,0.03,14.15,1.57,4.94
44,5,14,2020-03-07,4,4,8.17,32.68,0.11,29.41,3.27,1.58
45,37,40,2020-02-13,4,10,9.53,95.3,0.13,85.77,9.53,3.85
46,92,10,2020-04-03,4,7,3.05,21.35,0.14,19.22,2.13,3.54
47,49,22,2020-02-24,16,1,4.92,4.92,0.07,4.43,0.49,3.97
48,54,35,2020-01-14,10,8,17.82,142.56,0.18,128.3,14.26,4.88
49,82,1,2020-02-12,3,2,16.43,32.86,0.02,29.57,3.29,3.5
50,19,37,2020-03-03,22,3,1.79,5.37,0.01,4.83,0.54,4.59
51,21,21,2020-02-14,10,7,16.12,112.84,0.13,101.56,11.28,3.82
52,85,8,2020-03-11,19,3,19.67,59.01,0.18,53.11,5.9,3.28
53,54,17,2020-01-05,23,5,14.2,71.0,0.01,63.9,7.1,2.47
54,43,22,2020-03-05,19,10,7.32,73.2,0.16,65.88,7.32,3.24
55,48,21,2020-02-24,18,5,4.42,22.1,0.15,19.89,2.21,1.33
56,74,31,2020-01-10,0,1,17.6,17.6,0.0,15.84,1.76,4.43
57,48,14,2020-03-08,4,10,4.46,44.6,0.04,40.14,4.46,1.3
58,97,22,2020-01-09,21,9,17.53,157.77,0.09,141.99,15.78,3.85
59,89,28,2020-02-22,9,7,5.16,36.12,0.19,32.51,3.61,1.41
60,96,2,2020-02-14,8,7,16.75,117.25,0.03,105.53,11.72,2.14
61,18,50,2020-01-13,7,5,11.96,59.8,0.18,53.82,5.98,4.3
62,62,43,2020-03-11,16,9,16.63,149.67,0.12,134.7,14.97,3.87
63,53,4,2020-02-21,3,8,9.08,72.64,0.15,65.38,7.26,4.07
64,96,8,2020-01-26,6,3,10.06,30.18,0.06,27.16,3.02,1.18
65,71,34,2020-01-17,8,8,19.18,153.44,0.04,138.1,15.34,1.02
66,72,24,2020-02-27,7,6,19.85,119.1,0.08,107.19,11.91,1.27
67,21,13,2020-02-25,16,6,14.54,87.24,0.11,78.52,8.72,1.32
68,64,11,2020-01-05,22,5,9.42,47.1,0.17,42.39,4.71,0.92
69,31,7,2020-03-26,21,3,3.04,9.12,0.16,8.21,0.91,0.94
70,79,45,2020-04-04,7,3,16.25,48.75,0.12,43.88,4.87,4.06
71,95,50,2020-04-09,6,6,5.2,31.2,0.15,28.08,3.12,1.59
72,32,19,2020-02-16,13,6,8.01,48.06,0.19,43.25,4.81,1.26
73,49,5,2020-04-03,8,8,8.18,65.44,0.09,58.9,6.54,4.21
74,69,29,2020-03-25,0,7,19.42,135.94,0.18,122.35,13.59,3.16
75,33,1,2020-02-21,5,10,14.69,146.9,0.0,132.21,14.69,2.72
76,70,12,2020-02-18,16,8,13.22,105.76,0.14,95.18,10.58,0.83
77,38,38,2020-02-09,15,3,17.84,53.52,0.09,48.17,5.35,2.28
78,88,41,2020-01-14,11,3,10.98,32.94,0.05,29.65,3.29,3.94
79,85,8,2020-04-01,22,5,11.76,58.8,0.2,52.92,5.88,3.59
80,70,33,2020-01-05,14,5,12.82,64.1,0.1,57.69,6.41,1.55
81,11,11,2020-03-12,10,3,9.89,29.67,0.01,26.7,2.97,1.75
82,52,35,2020-03-14,23,4,18.85,75.4,0.2,67.86,7.54,0.57
83,25,21,2020-02-01,1,10,3.96,39.6,0.14,35.64,3.96,0.94
84,86,27,2020-03-19,16,2,7.09,14.18,0.06,12.76,1.42,0.96
85,27,20,2020-03-24,14,7,3.83,26.81,0.18,24.13,2.68,4.82
86,95,22,2020-03-09,13,10,6.98,69.8,0.05,62.82,6.98,2.92
87,57,32,2020-03-19,1,9,6.56,59.04,0.17,53.14,5.9,1.01
88,97,48,2020-03-10,22,6,18.73,112.38,0.18,101.14,11.24,1.4
89,11,40,2020-03-07,19,6,12.49,74.94,0.0,67.45,7.49,0.99
90,96,38,2020-01-14,2,4,6.72,26.88,0.09,24.19,2.69,2.02
91,83,34,2020-02-24,15,5,9.51,47.55,0.1,42.8,4.75,4.71
92,24,18,2020-01-29,19,10,9.76,97.6,0.19,87.84,9.76,2.02
93,56,3,2020-03-25,1,2,10.58,21.16,0.09,19.04,2.12,1.7
94,15,10,2020-02-07,13,5,6.46,32.3,0.07,29.07,3.23,3.06
95,69,1,2020-03-15,6,7,14.87,104.09,0.1,93.68,10.41,4.66
96,27,28,2020-01-03,2,3,8.65,25.95,0.11,23.36,2.59,4.68
97,74,50,2020-01-02,13,3,8.9,26.7,0.09,24.03,2.67,0.98
98,90,6,2020-03-29,22,6,10.32,61.92,0.03,55.73,6.19,2.06
99,97,31,2020-03-09,15,3,8.38,25.14,0.05,22.63,2.51,0.89
100,64,41,2020-02-10,16,10,4.3,43.0,0.01,38.7,4.3,1.75
101,32,3,2020-03-02,11,9,4.6,41.4,0.01,37.26,4.14,1.39
102,84,17,2020-03-18,7,10,8.79,87.9,0.14,79.11,8.79,2.06
103,80,41,2020-03-28,6,10,17.99,179.9,0.03,161.91,17.99,1.75
104,85,43,2020-02-07,4,9,17.17,154.53,0.04,139.08,15.45,4.3
105,47,47,2020-01-12,10,6,8.1,48.6,0.15,43.74,4.86,1.03
106,48,38,2020-03-18,8,1,19.76,19.76,0.19,17.78,1.98,4.88
107,14,48,2020-01-25,2,7,8.61,60.27,0.18,54.24,6.03,4.68
108,58,32,2020-03-06,17,5,8.42,42.1,0.07,37.89,4.21,1.58
109,65,25,2020-03-19,1,10,1.23,12.3,0.07,11.07,1.23,3.24
110,56,35,2020-03-23,3,1,16.91,16.91,0.16,15.22,1.69,2.26
111,65,41,2020-01-02,10,6,10.5,63.0,0.02,56.7,6.3,2.87
112,42,7,2020-01-30,18,4,9.86,39.44,0.11,35.5,3.94,1.03
113,61,36,2020-01-07,23,10,14.45,144.5,0.1,130.05,14.45,1.69
114,70,45,2020-03-26,8,9,8.34,75.06,0.15,67.55,7.51,1.9
115,44,35,2020-01-05,2,3,13.95,41.85,0.01,37.66,4.19,3.03
116,28,20,2020-02-12,4,6,13.5,81.0,0.08,72.9,8.1,4.86
117,87,27,2020-01-20,5,5,18.31,91.55,0.07,82.39,9.16,2.38
118,30,14,2020-02-18,18,1,18.88,18.88,0.19,16.99,1.89,0.54
119,89,23,2020-03-09,18,3,10.44,31.32,0.09,28.19,3.13,2.31
120,17,36,2020-02-15,19,5,19.24,96.2,0.0,86.58,9.62,4.74
121,65,33,2020-04-01,16,7,12.83,89.81,0.07,80.83,8.98,4.51
122,69,27,2020-01-29,22,7,9.28,64.96,0.12,58.46,6.5,2.68
123,58,23,2020-03-17,20,9,16.36,147.24,0.18,132.52,14.72,2.23
124,85,5,2020-03-29,17,6,14.67,88.02,0.16,79.22,8.8,2.14
125,26,35,2020-02-12,22,5,13.75,68.75,0.01,61.88,6.87,3.49
126,11,10,2020-02-25,19,5,8.86,44.3,0.06,39.87,4.43,1.85
127,40,7,2020-02-24,4,7,10.64,74.48,0.2,67.03,7.45,3.87
128,83,41,2020-04-04,16,5,19.14,95.7,0.11,86.13,9.57,1.07
129,55,49,2020-01-31,22,1,7.58,7.58,0.04,6.82,0.76,3.81
130,40,10,2020-02-02,11,2,6.98,13.96,0.07,12.56,1.4,4.6
131,31,13,2020-01-24,8,6,7.64,45.84,0.12,41.26,4.58,2.79
132,24,7,2020-04-07,22,9,16.06,144.54,0.15,130.09,14.45,1.08
133,45,11,2020-04-05,2,3,14.84,44.52,0.02,40.07,4.45,4.48
134,25,48,2020-03-29,21,9,8.58,77.22,0.15,69.5,7.72,2.6
135,19,18,2020-04-01,8,5,3.02,15.1,0.12,13.59,1.51,4.04
136,4,31,2020-01-27,3,10,13.96,139.6,0.13,125.64,13.96,1.85
137,91,31,2020-04-05,23,7,17.08,119.56,0.11,107.6,11.96,2.53
138,17,36,2020-01-10,10,4,19.18,76.72,0.15,69.05,7.67,2.19
139,22,29,2020-01-14,2,7,14.74,103.18,0.1,92.86,10.32,1.89
140,84,35,2020-04-07,0,4,13.64,54.56,0.06,49.1,5.46,0.67
141,96,35,2020-03-12,9,8,2.06,16.48,0.14,14.83,1.65,3.38
142,6,2,2020-02-15,12,1,3.05,3.05,0.09,2.75,0.3,3.9
143,35,33,2020-01-14,5,9,6.01,54.09,0.06,48.68,5.41,2.78
144,91,26,2020-01-30,9,4,5.27,21.08,0.05,18.97,2.11,4.85
145,57,48,2020-01-14,5,6,1.25,7.5,0.06,6.75,0.75,1.32
146,95,26,2020-02-13,4,5,14.83,74.15,0.05,66.74,7.41,4.18
147,7,36,2020-03-18,3,2,7.0,14.0,0.05,12.6,1.4,1.81
148,11,44,2020-03-02,9,4,5.68,22.72,0.14,20.45,2.27,2.04
149,4,45,2020-04-03,15,7,16.51,115.57,0.11,104.01,11.56,1.77
150,44,45,2020-02-14,11,8,14.87,118.96,0.0,107.06,11.9,3.4
151,64,16,2020-02-05,18,6,18.98,113.88,0.04,102.49,11.39,2.22
152,9,5,2020-03-05,16,5,7.47,37.35,0.05,33.62,3.73,3.38
153,90,7,2020-04-01,9,2,19.23,38.46,0.0,34.61,3.85,1.13
154,65,14,2020-03-10,11,8,2.78,22.24,0.06,20.02,2.22,2.67
155,98,45,2020-01-22,2,7,17.56,122.92,0.0,110.63,12.29,4.38
156,28,18,2020-01-18,12,3,11.36,34.08,0.16,30.67,3.41,1.74
157,89,45,2020-03-06,17,8,8.98,71.84,0.06,64.66,7.18,0.76
158,85,39,2020-01-30,7,9,1.51,13.59,0.03,12.23,1.36,3.81
159,23,33,2020-01-19,9,6,10.54,63.24,0.04,56.92,6.32,4.19
160,59,5,2020-01-21,22,5,10.37,51.85,0.09,46.66,5.19,2.81
161,46,36,2020-01-02,16,9,11.16,100.44,0.18,90.4,10.04,1.55
162,77,31,2020-03-01,17,10,13.83,138.3,0.06,124.47,13.83,2.83
163,98,42,2020-03-08,12,1,9.38,9.38,0.07,8.44,0.94,4.27
164,52,28,2020-04-04,23,6,14.07,84.42,0.2,75.98,8.44,3.24
165,53,43,2020-01-26,13,8,9.24,73.92,0.09,66.53,7.39,2.75
166,69,19,2020-03-30,21,1,13.15,13.15,0.15,11.84,1.31,4.77
167,66,5,2020-02-15,23,3,2.76,8.28,0.14,7.45,0.83,2.69
168,64,17,2020-03-30,21,6,13.68,82.08,0.0,73.87,8.21,2.48
169,82,31,2020-02-29,11,7,13.85,96.95,0.11,87.26,9.69,1.94
170,18,15,2020-02-21,3,4,3.5,14.0,0.02,12.6,1.4,1.87
171,34,20,2020-02-19,5,1,10.89,10.89,0.08,9.8,1.09,4.49
172,25,6,2020-03-10,3,10,10.93,109.3,0.01,98.37,10.93,4.6
173,79,27,2020-01-21,4,3,16.92,50.76,0.1,45.68,5.08,1.91
174,7,4,2020-02-18,16,4,11.03,44.12,0.19,39.71,4.41,4.54
175,83,15,2020-03-18,14,7,5.41,37.87,0.02,34.08,3.79,0.58
176,7,19,2020-03-23,2,7,14.04,98.28,0.18,88.45,9.83,3.42
177,38,9,2020-03-17,2,1,11.78,11.78,0.09,10.6,1.18,0.76
178,31,37,2020-01-04,15,10,4.08,40.8,0.06,36.72,4.08,1.06
179,20,31,2020-03-06,17,4,17.48,69.92,0.0,62.93,6.99,4.72
180,91,19,2020-03-02,13,9,6.35,57.15,0.16,51.44,5.71,2.54
181,49,31,2020-02-16,17,4,4.0,16.0,0.12,14.4,1.6,1.98
182,48,49,2020-03-19,23,3,10.07,30.21,0.08,27.19,3.02,1.09
183,23,19,2020-04-02,18,5,17.04,85.2,0.01,76.68,8.52,2.35
184,44,3,2020-01-25,18,5,4.39,21.95,0.18,19.75,2.2,1.07
185,62,48,2020-03-11,19,6,2.48,14.88,0.16,13.39,1.49,1.44
186,19,5,2020-01-09,11,10,17.89,178.9,0.07,161.01,17.89,1.14
187,14,38,2020-01-01,12,6,4.15,24.9,0.06,22.41,2.49,4.74
188,49,36,2020-03-09,7,1,10.43,10.43,0.16,9.39,1.04,2.44
189,9,14,2020-01-29,23,7,5.1,35.7,0.18,32.13,3.57,2.5
190,70,9,2020-03-17,12,9,14.06,126.54,0.19,113.89,12.65,2.3
191,34,46,2020-01-10,21,1,12.52,12.52,0.08,11.27,1.25,4.0
192,1,29,2020-02-28,9,10,8.33,83.3,0.1,74.97,8.33,3.17
193,60,25,2020-01-15,11,5,18.6,93.0,0.18,83.7,9.3,3.12
194,99,23,2020-02-26,4,7,17.39,121.73,0.11,109.56,12.17,1.18
195,9,16,2020-03-08,6,10,2.23,22.3,0.01,20.07,2.23,2.22
196,22,25,2020-01-25,11,6,8.66,51.96,0.06,46.76,5.2,4.17
197,34,35,2020-01-25,14,8,9.22,73.76,0.12,66.38,7.38,3.97
198,7,19,2020-01-11,1,8,19.54,156.32,0.14,140.69,15.63,4.75
199,85,11,2020-02-17,18,1,14.21,14.21,0.13,12.79,1.42,2.47
200,4,43,2020-03-13,6,2,14.01,28.02,0.01,25.22,2.8,1.33
201,98,24,2020-01-28,9,10,15.6,156.0,0.2,140.4,15.6,3.96
202,17,26,2020-01-21,22,2,9.02,18.04,0.08,16.24,1.8,1.2
203,5,22,2020-03-20,21,9,13.14,118.26,0.11,106.43,11.83,3.63
204,49,35,2020-03-24,7,5,13.51,67.55,0.17,60.8,6.75,1.82
205,70,4,2020-01-13,4,2,14.22,28.44,0.04,25.6,2.84,2.68
206,29,4,2020-01-01,1,6,19.83,118.98,0.18,107.08,11.9,3.1
207,55,45,2020-01-06,14,2,18.8,37.6,0.1,33.84,3.76,1.98
208,67,50,2020-01-22,12,8,15.32,122.56,0.12,110.3,12.26,1.23
209,13,7,2020-03-12,19,3,12.75,38.25,0.15,34.43,3.82,1.16
210,82,15,2020-01-06,5,9,9.12,82.08,0.13,73.87,8.21,0.72
211,1,3,2020-02-15,0,3,13.73,41.19,0.06,37.07,4.12,3.81
212,81,37,2020-02-23,0,10,1.29,12.9,0.18,11.61,1.29,4.77
213,90,18,2020-01-16,18,5,9.05,45.25,0.15,40.73,4.52,1.87
214,32,21,2020-02-21,19,8,14.42,115.36,0.11,103.82,11.54,1.54
215,86,7,2020-03-20,1,1,7.07,7.07,0.15,6.36,0.71,1.21
216,97,7,2020-03-08,6,6,9.77,58.62,0.17,52.76,5.86,2.94
217,58,14,2020-02-28,11,8,5.06,40.48,0.08,36.43,4.05,3.93
218,24,37,2020-02-18,3,7,3.72,26.04,0.19,23.44,2.6,1.46
219,19,48,2020-03-03,1,8,18.13,145.04,0.14,130.54,14.5,1.66
220,82,15,2020-01-17,12,2,8.63,17.26,0.06,15.53,1.73,3.07
221,9,5,2020-01-09,7,9,11.57,104.13,0.08,93.72,10.41,2.33
222,78,39,2020-02-16,22,6,6.95,41.7,0.13,37.53,4.17,2.43
223,74,37,2020-02-27,0,3,9.81,29.43,0.11,26.49,2.94,3.56
224,41,39,2020-03-10,7,6,15.36,92.16,0.04,82.94,9.22,4.33
225,40,1,2020-01-06,11,9,15.96,143.64,0.15,129.28,14.36,2.94
226,95,49,2020-01-16,0,2,13.63,27.26,0.12,24.53,2.73,3.4
227,76,34,2020-03-07,3,9,16.44,147.96,0.01,133.16,14.8,2.61
228,29,32,2020-03-06,16,7,17.72,124.04,0.01,111.64,12.4,2.23
229,29,22,2020-02-13,3,3,11.7,35.1,0.06,31.59,3.51,3.51
230,13,35,2020-02-18,13,9,15.37,138.33,0.16,124.5,13.83,1.0
231,86,10,2020-03-28,17,6,2.96,17.76,0.04,15.98,1.78,1.77
232,3,49,2020-02-10,13,3,19.93,59.79,0.04,53.81,5.98,2.54
233,38,7,2020-03-31,9,1,18.19,18.19,0.07,16.37,1.82,4.84
234,18,23,2020-01-26,16,8,9.96,79.68,0.03,71.71,7.97,0.89
235,51,2,2020-03-15,10,1,3.87,3.87,0.04,3.48,0.39,4.54
236,15,5,2020-01-14,13,10,1.86,18.6,0.06,16.74,1.86,2.06
237,5,45,2020-02-10,5,3,4.56,13.68,0.05,12.31,1.37,1.53
238,76,5,2020-01-23,13,7,9.21,64.47,0.1,58.02,6.45,2.44
239,65,11,2020-03-10,11,3,12.74,38.22,0.04,34.4,3.82,4.22
240,33,42,2020-01-31,2,2,14.72,29.44,0.13,26.5,2.94,1.59
241,32,11,2020-01-26,14,2,14.8,29.6,0.08,26.64,2.96,4.49
242,77,37,2020-01-17,14,5,8.04,40.2,0.07,36.18,4.02,1.65
243,1,22,2020-03-17,10,5,19.07,95.35,0.01,85.81,9.54,4.44
244,87,24,2020-03-22,14,10,6.0,60.0,0.17,54.0,6.0,0.51
245,51,48,2020-03-31,4,10,1.57,15.7,0.02,14.13,1.57,1.67
246,32,11,2020-04-08,22,6,11.95,71.7,0.12,64.53,7.17,0.64
247,9,12,2020-03-18,16,4,9.52,38.08,0.08,34.27,3.81,3.44
248,82,2,2020-03-04,0,4,2.82,11.28,0.1,10.15,1.13,3.89
249,40,24,2020-01-10,10,7,2.85,19.95,0.09,17.95,2.0,1.9
250,54,26,2020-02-20,21,5,18.22,91.1,0.17,81.99,9.11,4.69
251,69,26,2020-01-26,4,8,9.17,73.36,0.1,66.02,7.34,1.74
252,33,26,2020-01-02,15,9,4.81,43.29,0.15,38.96,4.33,3.17
253,31,14,2020-02-24,9,3,16.41,49.23,0.12,44.31,4.92,3.28
254,31,19,2020-02-06,14,9,2.52,22.68,0.17,20.41,2.27,4.1
255,48,5,2020-02-29,3,4,16.9,67.6,0.04,60.84,6.76,1.52
256,17,16,2020-01-31,6,1,17.12,17.12,0.03,15.41,1.71,1.98
257,35,40,2020-01-04,1,10,10.76,107.6,0.15,96.84,10.76,2.6
258,90,17,2020-02-02,23,10,16.26,162.6,0.04,146.34,16.26,4.28
259,2,23,2020-02-29,9,3,14.54,43.62,0.16,39.26,4.36,0.98
260,71,22,2020-02-25,11,4,19.46,77.84,0.03,70.06,7.78,4.09
261,43,38,2020-01-19,3,8,6.0,48.0,0.04,43.2,4.8,3.74
262,48,28,2020-01-30,8,1,4.69,4.69,0.04,4.22,0.47,1.13
263,29,14,2020-03-29,11,1,12.62,12.62,0.05,11.36,1.26,4.27
264,60,20,2020-02-29,11,10,4.98,49.8,0.06,44.82,4.98,2.97
265,97,8,2020-01-09,5,3,7.37,22.11,0.1,19.9,2.21,1.78
266,85,7,2020-02-04,8,9,11.26,101.34,0.17,91.21,10.13,1.27
267,95,39,2020-02-11,21,10,12.26,122.6,0.15,110.34,12.26,4.89
268,91,10,2020-01-15,20,7,19.62,137.34,0.02,123.61,13.73,1.54
269,99,47,2020-03-01,19,1,1.39,1.39,0.18,1.25,0.14,4.6
270,68,40,2020-01-13,20,4,10.49,41.96,0.01,37.76,4.2,1.35
271,58,32,2020-03-23,20,6,1.46,8.76,0.17,7.88,0.88,4.61
272,68,36,2020-04-09,11,7,18.55,129.85,0.09,116.86,12.99,4.15
273,32,14,2020-01-30,10,5,14.45,72.25,0.11,65.03,7.22,2.55
274,11,43,2020-03-08,2,8,4.66,37.28,0.02,33.55,3.73,0.52
275,28,27,2020-01-23,8,1,1.38,1.38,0.02,1.24,0.14,3.63
276,82,34,2020-01-10,20,4,16.36,65.44,0.04,58.9,6.54,2.69
277,29,19,2020-04-02,23,6,3.14,18.84,0.0,16.96,1.88,2.69
278,61,36,2020-02-17,13,2,13.72,27.44,0.14,24.7,2.74,4.8
279,12,7,2020-01-27,7,2,10.4,20.8,0.06,18.72,2.08,3.45
280,46,10,2020-01-01,11,8,7.8,62.4,0.19,56.16,6.24,1.17
281,6,15,2020-03-21,19,2,15.99,31.98,0.05,28.78,3.2,1.19
282,70,31,2020-01-11,11,10,18.76,187.6,0.09,168.84,18.76,3.28
283,17,44,2020-02-22,2,10,19.88,198.8,0.11,178.92,19.88,3.46
284,32,36,2020-01-29,19,1,11.1,11.1,0.05,9.99,1.11,3.45
285,48,50,2020-01-07,14,1,2.44,2.44,0.02,2.2,0.24,1.9
286,23,22,2020-03-21,10,7,11.11,77.77,0.15,69.99,7.78,1.45
287,46,22,2020-01-23,21,5,18.77,93.85,0.01,84.47,9.38,4.66
288,34,18,2020-02-18,14,5,8.53,42.65,0.07,38.38,4.27,4.04
289,35,21,2020-04-02,9,4,6.04,24.16,0.03,21.74,2.42,2.64
290,36,35,2020-01-24,10,6,19.41,116.46,0.16,104.81,11.65,4.09
291,48,15,2020-03-24,21,8,4.97,39.76,0.05,35.78,3.98,4.21
292,10,34,2020-02-19,5,4,5.29,21.16,0.11,19.04,2.12,1.05
293,40,15,2020-03-31,17,4,10.27,41.08,0.07,36.97,4.11,3.01
294,14,31,2020-01-29,16,1,8.5,8.5,0.13,7.65,0.85,0.85
295,44,7,2020-01-28,7,8,16.38,131.04,0.11,117.94,13.1,2.42
296,92,37,2020-03-16,19,3,7.11,21.33,0.1,19.2,2.13,3.99
297,13,20,2020-03-17,23,6,6.31,37.86,0.14,34.07,3.79,4.96
298,82,10,2020-01-22,19,5,19.53,97.65,0.0,87.89,9.76,4.68
299,76,33,2020-01-06,16,7,11.52,80.64,0.18,72.58,8.06,0.62
300,68,48,2020-03-06,23,4,18.46,73.84,0.04,66.46,7.38,4.87
301,59,11,2020-03-23,15,4,11.83,47.32,0.02,42.59,4.73,2.28
302,2,37,2020-01-17,0,10,10.76,107.6,0.02,96.84,10.76,1.08
303,55,35,2020-02-17,4,1,6.61,6.61,0.16,5.95,0.66,4.53
304,76,3,2020-01-19,5,5,6.95,34.75,0.04,31.28,3.47,4.62
305,84,36,2020-01-17,5,5,12.56,62.8,0.14,56.52,6.28,4.84
306,85,31,2020-03-20,20,3,14.69,44.07,0.09,39.66,4.41,3.85
307,96,15,2020-01-03,16,3,3.49,10.47,0.04,9.42,1.05,4.32
308,25,23,2020-04-05,5,10,4.39,43.9,0.08,39.51,4.39,2.43
309,80,30,2020-01-28,14,4,17.19,68.76,0.05,61.88,6.88,1.18
310,34,47,2020-01-15,21,9,3.73,33.57,0.05,30.21,3.36,4.62
311,16,4,2020-04-06,20,6,2.68,16.08,0.19,14.47,1.61,3.79
312,49,48,2020-03-09,12,8,6.57,52.56,0.13,47.3,5.26,3.39
313,99,44,2020-03-09,15,6,11.56,69.36,0.14,62.42,6.94,3.4
314,56,26,2020-01-25,7,4,7.8,31.2,0.13,28.08,3.12,4.43
315,53,17,2020-02-14,2,9,16.13,145.17,0.14,130.65,14.52,1.05
316,48,39,2020-02-06,1,6,3.91,23.46,0.14,21.11,2.35,4.54
317,99,15,2020-01-11,23,9,7.85,70.65,0.04,63.59,7.06,4.94
318,23,33,2020-01-14,13,8,12.35,98.8,0.17,88.92,9.88,2.53
319,82,48,2020-04-04,4,3,16.17,48.51,0.1,43.66,4.85,0.98
320,61,1,2020-04-07,1,1,7.67,7.67,0.01,6.9,0.77,4.13
321,30,48,2020-01-14,13,5,11.86,59.3,0.01,53.37,5.93,4.51
322,46,22,2020-03-01,19,1,4.81,4.81,0.07,4.33,0.48,1.95
323,47,49,2020-04-04,2,10,9.24,92.4,0.14,83.16,9.24,2.9
324,83,17,2020-01-29,2,6,2.84,17.04,0.04,15.34,1.7,0.68
325,1,7,2020-01-26,11,6,11.4,68.4,0.02,61.56,6.84,3.04
326,76,35,2020-04-02,12,2,8.2,16.4,0.01,14.76,1.64,0.63
327,86,38,2020-02-22,9,10,14.86,148.6,0.14,133.74,14.86,1.92
328,71,20,2020-02-16,0,5,4.23,21.15,0.08,19.04,2.11,4.87
329,68,29,2020-03-29,19,10,14.24,142.4,0.17,128.16,14.24,1.0
330,88,12,2020-02-12,1,4,4.11,16.44,0.11,14.8,1.64,1.78
331,64,30,2020-03-31,20,9,15.54,139.86,0.02,125.87,13.99,0.54
332,17,43,2020-02-04,7,4,16.46,65.84,0.16,59.26,6.58,4.63
333,69,45,2020-04-04,1,9,1.41,12.69,0.17,11.42,1.27,1.66
334,29,47,2020-03-23,19,1,10.83,10.83,0.07,9.75,1.08,2.25
335,97,33,2020-01-13,19,4,11.68,46.72,0.0,42.05,4.67,1.5
336,64,14,2020-04-08,8,6,1.4,8.4,0.04,7.56,0.84,1.05
337,48,46,2020-02-28,1,4,14.1,56.4,0.08,50.76,5.64,4.62
338,20,22,2020-02-13,8,9,6.49,58.41,0.17,52.57,5.84,1.91
339,24,33,2020-04-05,9,4,6.13,24.52,0.09,22.07,2.45,3.89
340,39,33,2020-01-25,20,10,14.64,146.4,0.02,131.76,14.64,1.88
341,53,32,2020-03-13,0,10,10.96,109.6,0.03,98.64,10.96,3.92
342,22,2,2020-02-14,20,1,2.59,2.59,0.08,2.33,0.26,3.43
343,64,31,2020-03-14,12,8,17.74,141.92,0.19,127.73,14.19,4.29
344,93,40,2020-01-31,23,1,16.41,16.41,0.15,14.77,1.64,2.03
345,26,37,2020-01-04,8,1,10.0,10.0,0.18,9.0,1.0,3.7
346,4,28,2020-02-25,17,8,11.29,90.32,0.02,81.29,9.03,3.37
347,92,25,2020-02-05,2,7,10.96,76.72,0.05,69.05,7.67,1.14
348,68,30,2020-02-20,19,5,1.26,6.3,0.11,5.67,0.63,0.73
349,9,19,2020-03-20,17,3,19.92,59.76,0.05,53.78,5.98,0.71
350,80,38,2020-04-09,2,1,13.54,13.54,0.01,12.19,1.35,1.69
351,66,28,2020-03-11,4,5,9.45,47.25,0.16,42.52,4.73,2.82
352,91,21,2020-02-03,15,1,2.05,2.05,0.16,1.84,0.21,0.93
353,25,33,2020-03-23,5,3,12.95,38.85,0.2,34.97,3.88,1.3
354,13,50,2020-01-27,8,7,6.04,42.28,0.13,38.05,4.23,1.12
355,72,6,2020-03-29,21,8,2.72,21.76,0.03,19.58,2.18,4.09
356,95,20,2020-01-21,15,5,17.82,89.1,0.08,80.19,8.91,3.51
357,81,50,2020-03-26,3,1,14.66,14.66,0.09,13.19,1.47,4.52
358,47,32,2020-02-25,5,6,1.58,9.48,0.15,8.53,0.95,2.82
359,22,4,2020-02-21,3,6,2.73,16.38,0.19,14.74,1.64,3.0
360,69,45,2020-03-27,18,9,3.63,32.67,0.15,29.4,3.27,0.75
361,5,24,2020-04-04,16,3,3.88,11.64,0.03,10.48,1.16,3.87
362,32,23,2020-03-27,2,10,18.2,182.0,0.19,163.8,18.2,1.05
363,85,17,2020-04-06,12,7,14.52,101.64,0.0,91.48,10.16,4.12
364,37,37,2020-01-07,6,6,11.44,68.64,0.02,61.78,6.86,0.85
365,14,27,2020-01-18,10,4,3.07,12.28,0.19,11.05,1.23,0.97
366,39,36,2020-03-03,7,5,7.23,36.15,0.06,32.53,3.62,4.8
367,28,50,2020-01-27,7,1,17.21,17.21,0.11,15.49,1.72,4.37
368,22,33,2020-03-28,20,4,13.67,54.68,0.01,49.21,5.47,2.87
369,80,8,2020-04-02,5,3,13.76,41.28,0.19,37.15,4.13,4.01
370,54,7,2020-01-02,12,2,9.12,18.24,0.08,16.42,1.82,3.22
371,74,24,2020-02-27,16,6,6.66,39.96,0.09,35.96,4.0,3.55
372,6,3,2020-02-29,18,4,17.77,71.08,0.17,63.97,7.11,1.49
373,54,48,2020-01-01,0,2,18.11,36.22,0.13,32.6,3.62,4.22
374,47,40,2020-03-25,15,6,13.55,81.3,0.19,73.17,8.13,2.56
375,48,31,2020-03-05,10,9,8.64,77.76,0.16,69.98,7.78,2.39
376,32,23,2020-01-30,8,1,6.75,6.75,0.15,6.08,0.67,3.75
377,41,18,2020-02-19,8,6,6.94,41.64,0.19,37.48,4.16,1.02
378,30,44,2020-01-31,9,6,5.11,30.66,0.19,27.59,3.07,3.54
379,41,39,2020-02-05,15,10,10.59,105.9,0.15,95.31,10.59,3.59
380,27,21,2020-02-13,8,3,11.98,35.94,0.0,32.35,3.59,1.83
381,47,35,2020-03-27,10,8,19.3,154.4,0.15,138.96,15.44,2.4
382,29,3,2020-01-13,8,4,13.49,53.96,0.07,48.56,5.4,4.51
383,71,18,2020-04-02,19,2,3.2,6.4,0.09,5.76,0.64,3.3
384,34,7,2020-03-30,15,6,18.8,112.8,0.09,101.52,11.28,0.57
385,12,33,2020-02-27,22,3,13.96,41.88,0.12,37.69,4.19,3.81
386,21,1,2020-03-16,1,9,13.01,117.09,0.12,105.38,11.71,2.62
387,9,36,2020-01-02,4,7,15.23,106.61,0.01,95.95,10.66,2.85
388,65,47,2020-01-10,12,10,7.84,78.4,0.19,70.56,7.84,2.24
389,39,36,2020-04-07,13,2,19.94,39.88,0.15,35.89,3.99,1.37
390,17,20,2020-03-08,0,9,3.28,29.52,0.02,26.57,2.95,4.59
391,69,3,2020-03-10,3,8,1.53,12.24,0.16,11.02,1.22,1.12
392,69,34,2020-01-07,12,3,7.0,21.0,0.18,18.9,2.1,1.61
393,34,31,2020-02-17,5,3,10.36,31.08,0.04,27.97,3.11,0.98
394,67,33,2020-02-06,20,10,2.84,28.4,0.16,25.56,2.84,2.25
395,6,7,2020-03-17,20,2,15.42,30.84,0.05,27.76,3.08,4.41
396,25,11,2020-03-26,6,6,1.36,8.16,0.2,7.34,0.82,1.21
397,58,11,2020-01-04,15,10,3.09,30.9,0.01,27.81,3.09,2.23
398,30,24,2020-03-16,16,5,18.88,94.4,0.16,84.96,9.44,1.44
399,100,44,2020-02-26,4,10,6.09,60.9,0.01,54.81,6.09,2.43
400,64,40,2020-01-12,21,2,3.72,7.44,0.15,6.7,0.74,1.92
401,48,50,2020-02-27,6,7,9.45,66.15,0.14,59.54,6.61,1.74
402,88,9,2020-02-27,16,6,13.55,81.3,0.01,73.17,8.13,3.69
403,33,18,2020-04-08,1,2,19.98,39.96,0.09,35.96,4.0,3.38
404,8,42,2020-01-27,11,3,4.69,14.07,0.11,12.66,1.41,0.96
405,100,36,2020-03-26,15,2,15.61,31.22,0.11,28.1,3.12,2.53
406,29,42,2020-01-28,7,9,10.54,94.86,0.2,85.37,9.49,3.83
407,82,12,2020-02-07,6,8,19.61,156.88,0.14,141.19,15.69,3.9
408,96,1,2020-02-29,3,3,15.34,46.02,0.01,41.42,4.6,1.97
409,66,8,2020-04-04,7,4,2.16,8.64,0.06,7.78,0.86,2.21
410,28,27,2020-03-13,15,10,7.21,72.1,0.17,64.89,7.21,2.16
411,35,12,2020-01-18,15,8,10.65,85.2,0.09,76.68,8.52,3.7
412,3,44,2020-03-15,23,2,5.24,10.48,0.15,9.43,1.05,3.03
413,57,26,2020-01-24,9,1,17.62,17.62,0.04,15.86,1.76,4.29
414,65,18,2020-04-08,4,4,16.37,65.48,0.07,58.93,6.55,1.28
415,69,46,2020-04-08,8,6,13.58,81.48,0.16,73.33,8.15,0.91
416,68,7,2020-01-29,16,6,1.05,6.3,0.02,5.67,0.63,4.81
417,73,9,2020-02-12,19,7,10.19,71.33,0.17,64.2,7.13,4.93
418,18,26,2020-04-07,2,9,7.42,66.78,0.1,60.1,6.68,4.83
419,50,16,2020-02-15,16,6,9.82,58.92,0.08,53.03,5.89,2.8
420,55,2,2020-03-09,22,8,11.27,90.16,0.09,81.14,9.02,0.97
421,89,1,2020-02-17,14,5,7.69,38.45,0.18,34.61,3.84,3.92
422,47,18,2020-02-19,22,7,19.5,136.5,0.17,122.85,13.65,3.22
423,63,44,2020-01-08,1,10,17.89,178.9,0.09,161.01,17.89,4.14
424,9,5,2020-02-01,22,4,6.05,24.2,0.05,21.78,2.42,4.42
425,91,21,2020-02-28,19,5,7.64,38.2,0.02,34.38,3.82,2.71
426,26,45,2020-01-28,12,5,1.14,5.7,0.08,5.13,0.57,1.2
427,10,31,2020-02-25,1,10,9.47,94.7,0.15,85.23,9.47,2.12
428,10,29,2020-02-28,1,2,16.57,33.14,0.2,29.83,3.31,2.23
429,14,16,2020-03-24,17,7,13.99,97.93,0.11,88.14,9.79,2.17
430,6,1,2020-02-11,13,7,1.92,13.44,0.01,12.1,1.34,1.38
431,49,46,2020-01-27,0,2,18.65,37.3,0.04,33.57,3.73,1.48
432,77,7,2020-03-16,16,7,18.76,131.32,0.17,118.19,13.13,4.05
433,35,23,2020-01-14,9,6,4.15,24.9,0.17,22.41,2.49,1.47
434,67,4,2020-02-01,0,3,9.43,28.29,0.1,25.46,2.83,4.28
435,22,28,2020-02-03,16,5,4.24,21.2,0.01,19.08,2.12,1.6
436,6,35,2020-01-09,7,1,10.67,10.67,0.08,9.6,1.07,3.98
437,81,28,2020-01-06,9,3,7.0,21.0,0.02,18.9,2.1,2.12
438,74,15,2020-01-15,13,6,11.65,69.9,0.07,62.91,6.99,2.78
439,13,13,2020-02-10,7,1,17.25,17.25,0.14,15.53,1.72,2.52
440,62,18,2020-03-21,22,6,18.01,108.06,0.15,97.25,10.81,0.71
441,11,15,2020-02-14,13,5,18.64,93.2,0.1,83.88,9.32,3.36
442,1,5,2020-01-08,5,4,13.59,54.36,0.02,48.92,5.44,0.85
443,62,12,2020-01-01,6,9,14.73,132.57,0.07,119.31,13.26,2.93
444,81,36,2020-02-09,6,8,5.59,44.72,0.08,40.25,4.47,4.44
445,9,6,2020-04-03,6,7,11.99,83.93,0.08,75.54,8.39,3.53
446,56,49,2020-02-24,8,4,19.68,78.72,0.03,70.85,7.87,0.84
447,44,36,2020-01-28,7,4,16.88,67.52,0.1,60.77,6.75,1.97
448,11,20,2020-01-25,5,2,18.14,36.28,0.01,32.65,3.63,4.91
449,40,15,2020-03-13,4,3,10.43,31.29,0.14,28.16,3.13,3.38
450,8,8,2020-02-11,8,5,19.73,98.65,0.08,88.79,9.86,4.76
451,11,39,2020-02-11,18,7,1.77,12.39,0.07,11.15,1.24,1.14
452,75,29,2020-03-05,3,5,1.15,5.75,0.1,5.17,0.58,4.33
453,77,37,2020-02-02,18,5,14.82,74.1,0.09,66.69,7.41,1.67
454,41,42,2020-03-22,12,3,4.99,14.97,0.18,13.47,1.5,3.45
455,21,13,2020-02-09,4,7,18.34,128.38,0.07,115.54,12.84,4.11
456,51,40,2020-02-28,4,5,13.18,65.9,0.03,59.31,6.59,3.57
457,98,47,2020-01-06,21,1,13.85,13.85,0.1,12.46,1.39,0.61
458,1,30,2020-02-29,12,6,14.44,86.64,0.14,77.98,8.66,4.72
459,26,35,2020-02-08,7,6,18.18,109.08,0.07,98.17,10.91,3.6
460,1,3,2020-03-18,4,4,6.93,27.72,0.04,24.95,2.77,2.78
461,30,5,2020-02-17,7,9,12.71,114.39,0.06,102.95,11.44,3.64
462,44,31,2020-03-08,23,10,19.59,195.9,0.19,176.31,19.59,2.62
463,10,15,2020-02-05,20,6,12.19,73.14,0.12,65.83,7.31,3.92
464,14,49,2020-02-15,23,5,2.68,13.4,0.12,12.06,1.34,1.4
465,37,40,2020-03-20,19,5,10.04,50.2,0.09,45.18,5.02,2.72
466,54,3,2020-02-24,13,8,10.99,87.92,0.13,79.13,8.79,4.24
467,87,33,2020-01-31,7,3,3.0,9.0,0.06,8.1,0.9,4.95
468,88,22,2020-02-14,18,9,2.99,26.91,0.05,24.22,2.69,4.45
469,52,41,2020-02-26,3,1,15.2,15.2,0.1,13.68,1.52,0.78
470,41,35,2020-01-30,6,9,10.97,98.73,0.08,88.86,9.87,3.1
471,87,20,2020-01-13,9,2,13.19,26.38,0.14,23.74,2.64,0.69
472,50,6,2020-03-31,15,1,5.12,5.12,0.16,4.61,0.51,2.76
473,47,32,2020-03-17,2,5,8.19,40.95,0.14,36.86,4.09,4.0
474,5,17,2020-01-09,18,2,15.68,31.36,0.12,28.22,3.14,0.72
475,62,8,2020-01-08,16,4,3.7,14.8,0.05,13.32,1.48,3.77
476,60,31,2020-03-30,13,2,17.5,35.0,0.18,31.5,3.5,3.56
477,16,42,2020-04-08,5,4,11.25,45.0,0.08,40.5,4.5,4.13
478,83,20,2020-01-27,17,1,4.02,4.02,0.04,3.62,0.4,3.83
479,23,8,2020-01-09,9,2,14.55,29.1,0.19,26.19,2.91,1.02
480,3,48,2020-03-04,16,1,18.98,18.98,0.05,17.08,1.9,4.87
481,57,37,2020-03-02,2,10,14.95,149.5,0.11,134.55,14.95,2.88
482,47,45,2020-01-28,23,8,5.82,46.56,0.08,41.9,4.66,2.7
483,54,7,2020-03-08,19,7,19.52,136.64,0.14,122.98,13.66,0.8
484,62,20,2020-02-16,16,8,15.51,124.08,0.07,111.67,12.41,1.02
485,1,13,2020-03-17,5,4,13.69,54.76,0.1,49.28,5.48,3.7
486,76,45,2020-02-22,5,9,3.36,30.24,0.05,27.22,3.02,2.75
487,62,21,2020-01-06,18,7,17.41,121.87,0.11,109.68,12.19,0.8
488,87,17,2020-01-09,10,1,8.19,8.19,0.01,7.37,0.82,1.52
489,97,21,2020-01-27,0,2,3.13,6.26,0.2,5.63,0.63,2.86
490,93,31,2020-03-26,3,6,16.01,96.06,0.18,86.45,9.61,0.98
491,97,12,2020-01-07,23,2,7.69,15.38,0.07,13.84,1.54,3.01
492,48,9,2020-01-23,22,5,10.68,53.4,0.03,48.06,5.34,3.89
493,3,32,2020-01-11,17,10,7.59,75.9,0.16,68.31,7.59,2.63
494,69,30,2020-02-28,13,7,19.53,136.71,0.03,123.04,13.67,4.45
495,47,23,2020-04-09,4,2,4.08,8.16,0.15,7.34,0.82,2.67
496,26,37,2020-01-16,1,8,6.13,49.04,0.16,44.14,4.9,3.69
497,28,44,2020-02-03,1,7,10.44,73.08,0.12,65.77,7.31,1.25
498,67,46,2020-03-15,5,9,18.3,164.7,0.19,148.23,16.47,3.58
499,24,50,2020-01-21,5,10,14.16,141.6,0.12,127.44,14.16,1.91
500,23,15,2020-04-08,5,4,16.18,64.72,0.07,58.25,6.47,1.22
501,46,33,2020-01-11,20,8,11.43,91.44,0.14,82.3,9.14,0.54
502,2,39,2020-03-07,8,1,19.29,19.29,0.15,17.36,1.93,3.45
503,95,15,2020-02-16,15,7,15.38,107.66,0.07,96.89,10.77,2.35
504,27,1,2020-02-19,21,4,12.81,51.24,0.07,46.12,5.12,1.46
505,31,27,2020-04-03,21,1,19.3,19.3,0.07,17.37,1.93,4.78
506,86,15,2020-01-01,16,3,16.76,50.28,0.17,45.25,5.03,3.07
507,94,1,2020-01-06,13,9,7.75,69.75,0.18,62.77,6.98,2.57
508,80,19,2020-01-01,6,1,14.66,14.66,0.01,13.19,1.47,1.85
509,89,31,2020-04-03,10,6,13.99,83.94,0.12,75.55,8.39,3.29
510,34,15,2020-01-17,7,9,2.07,18.63,0.13,16.77,1.86,1.39
511,33,10,2020-04-03,7,9,13.54,121.86,0.13,109.67,12.19,4.37
512,23,4,2020-04-01,2,10,9.11,91.1,0.09,81.99,9.11,1.63
513,20,12,2020-02-12,11,4,5.53,22.12,0.2,19.91,2.21,4.79
514,4,11,2020-03-31,22,8,17.19,137.52,0.06,123.77,13.75,2.27
515,35,32,2020-03-23,14,8,13.13,105.04,0.06,94.54,10.5,1.35
516,29,9,2020-03-10,15,8,2.02,16.16,0.07,14.54,1.62,3.36
517,80,33,2020-03-07,21,8,14.1,112.8,0.07,101.52,11.28,0.65
518,17,27,2020-03-17,21,10,1.99,19.9,0.07,17.91,1.99,0.5
519,3,37,2020-03-17,12,9,3.77,33.93,0.17,30.54,3.39,1.65
520,17,15,2020-01-02,22,4,13.33,53.32,0.1,47.99,5.33,1.3
521,48,41,2020-03-30,1,1,11.08,11.08,0.13,9.97,1.11,1.09
522,43,25,2020-02-29,6,10,12.23,122.3,0.14,110.07,12.23,4.71
523,28,22,2020-01-24,19,2,4.76,9.52,0.01,8.57,0.95,3.42
524,19,8,2020-04-05,18,10,13.2,132.0,0.06,118.8,13.2,3.34
525,40,12,2020-01-10,15,6,17.22,103.32,0.08,92.99,10.33,4.87
526,23,32,2020-01-07,8,7,13.93,97.51,0.11,87.76,9.75,3.98
527,73,29,2020-04-05,3,3,1.43,4.29,0.15,3.86,0.43,2.31
528,56,11,2020-01-10,14,1,8.95,8.95,0.18,8.05,0.9,4.58
529,88,26,2020-03-03,6,7,12.48,87.36,0.15,78.62,8.74,1.11
530,37,2,2020-01-04,0,10,19.21,192.1,0.09,172.89,19.21,3.48
531,71,24,2020-02-24,23,4,11.51,46.04,0.01,41.44,4.6,1.74
532,79,14,2020-03-02,14,6,13.95,83.7,0.12,75.33,8.37,2.63
533,60,39,2020-03-08,12,3,1.61,4.83,0.0,4.35,0.48,4.3
534,57,14,2020-02-18,19,7,17.58,123.06,0.08,110.75,12.31,0.54
535,72,31,2020-02-02,11,1,12.76,12.76,0.09,11.48,1.28,1.07
536,86,30,2020-02-13,5,3,18.9,56.7,0.04,51.03,5.67,3.03
537,68,49,2020-02-19,14,2,14.79,29.58,0.16,26.62,2.96,1.17
538,16,12,2020-02-15,8,8,3.91,31.28,0.19,28.15,3.13,3.89
539,52,47,2020-01-23,18,9,18.02,162.18,0.08,145.96,16.22,1.62
540,22,9,2020-04-06,8,10,17.24,172.4,0.12,155.16,17.24,4.69
541,27,6,2020-04-01,16,8,7.12,56.96,0.04,51.26,5.7,2.93
542,4,5,2020-03-10,21,8,3.09,24.72,0.18,22.25,2.47,3.58
543,79,18,2020-02-19,0,5,10.76,53.8,0.0,48.42,5.38,1.07
544,70,34,2020-01-05,9,6,16.58,99.48,0.2,89.53,9.95,3.01
545,46,26,2020-02-05,18,7,10.46,73.22,0.11,65.9,7.32,2.06
546,29,6,2020-01-19,0,1,11.12,11.12,0.15,10.01,1.11,4.26
547,100,27,2020-02-14,16,3,11.19,33.57,0.05,30.21,3.36,1.47
548,12,43,2020-02-07,4,8,8.64,69.12,0.12,62.21,6.91,1.46
549,33,49,2020-03-17,16,2,10.83,21.66,0.02,19.49,2.17,4.81
550,12,42,2020-03-27,11,3,19.28,57.84,0.0,52.06,5.78,4.15
551,98,29,2020-03-18,4,1,10.15,10.15,0.1,9.13,1.02,0.97
552,3,37,2020-03-23,0,6,2.37,14.22,0.1,12.8,1.42,2.92
553,59,47,2020-03-22,16,7,13.96,97.72,0.06,87.95,9.77,2.17
554,14,11,2020-03-05,1,7,7.81,54.67,0.2,49.2,5.47,1.15
555,79,21,2020-01-20,18,5,4.49,22.45,0.07,20.2,2.25,2.58
556,3,43,2020-02-24,21,5,5.64,28.2,0.18,25.38,2.82,2.91
557,55,42,2020-03-20,22,3,13.85,41.55,0.17,37.39,4.16,2.8
558,37,49,2020-03-26,5,2,8.76,17.52,0.1,15.77,1.75,3.41
559,79,50,2020-02-08,20,4,3.76,15.04,0.02,13.54,1.5,4.24
560,84,26,2020-01-10,11,9,19.99,179.91,0.13,161.92,17.99,1.42
561,6,9,2020-01-19,21,7,7.29,51.03,0.2,45.93,5.1,1.04
562,5,22,2020-02-20,16,10,12.7,127.0,0.15,114.3,12.7,1.87
563,94,47,2020-01-29,6,8,9.01,72.08,0.03,64.87,7.21,3.92
564,62,12,2020-03-02,11,2,3.38,6.76,0.1,6.08,0.68,4.2
565,97,15,2020-01-29,20,6,12.97,77.82,0.09,70.04,7.78,1.87
566,69,38,2020-03-21,16,7,8.95,62.65,0.06,56.38,6.27,3.53
567,77,19,2020-03-23,14,2,17.1,34.2,0.17,30.78,3.42,3.78
568,5,7,2020-01-26,9,2,14.62,29.24,0.19,26.32,2.92,4.51
569,13,10,2020-02-08,17,8,6.87,54.96,0.14,49.46,5.5,2.9
570,20,29,2020-03-20,8,5,4.3,21.5,0.12,19.35,2.15,4.07
571,2,40,2020-03-10,3,2,8.25,16.5,0.17,14.85,1.65,3.25
572,73,49,2020-02-08,8,10,11.07,110.7,0.08,99.63,11.07,1.62
573,84,31,2020-01-12,9,8,16.39,131.12,0.14,118.01,13.11,0.61
574,38,2,2020-01-08,22,7,11.39,79.73,0.14,71.76,7.97,4.86
575,9,20,2020-03-02,21,3,3.94,11.82,0.15,10.64,1.18,1.04
576,63,35,2020-04-01,15,9,6.86,61.74,0.12,55.57,6.17,2.93
577,28,19,2020-02-11,10,8,5.58,44.64,0.2,40.18,4.46,4.87
578,6,12,2020-01-01,21,2,7.61,15.22,0.18,13.7,1.52,0.94
579,86,40,2020-01-09,6,4,7.55,30.2,0.11,27.18,3.02,1.22
580,91,42,2020-03-03,10,9,15.77,141.93,0.08,127.74,14.19,1.09
581,53,37,2020-02-03,7,2,18.24,36.48,0.17,32.83,3.65,2.48
582,2,20,2020-03-05,20,7,5.13,35.91,0.13,32.32,3.59,4.28
583,76,26,2020-03-10,2,8,7.82,62.56,0.18,56.3,6.26,3.49
584,57,39,2020-02-08,9,7,7.49,52.43,0.02,47.19,5.24,1.46
585,40,19,2020-01-05,1,3,12.25,36.75,0.05,33.08,3.67,2.25
586,46,47,2020-02-09,1,10,8.95,89.5,0.03,80.55,8.95,1.46
587,91,8,2020-03-25,10,1,9.38,9.38,0.11,8.44,0.94,0.78
588,33,17,2020-01-06,19,5,17.46,87.3,0.05,78.57,8.73,2.22
589,25,8,2020-02-23,2,2,11.06,22.12,0.14,19.91,2.21,2.61
590,40,44,2020-01-19,8,8,4.67,37.36,0.07,33.62,3.74,1.91
591,22,44,2020-02-24,21,5,6.7,33.5,0.08,30.15,3.35,2.51
592,78,22,2020-03-26,3,9,5.39,48.51,0.16,43.66,4.85,4.31
593,82,41,2020-03-18,15,5,15.16,75.8,0.11,68.22,7.58,4.21
594,72,17,2020-04-02,3,2,14.75,29.5,0.08,26.55,2.95,3.62
595,45,27,2020-03-31,19,4,19.28,77.12,0.17,69.41,7.71,0.86
596,47,29,2020-01-17,14,8,13.53,108.24,0.1,97.42,10.82,3.67
597,53,13,2020-02-28,22,5,18.34,91.7,0.08,82.53,9.17,4.87
598,94,43,2020-02-29,9,5,9.3,46.5,0.17,41.85,4.65,0.51
599,61,8,2020-03-08,12,4,12.63,50.52,0.01,45.47,5.05,2.98
600,95,27,2020-02-21,9,5,19.71,98.55,0.08,88.69,9.86,3.52
601,75,6,2020-02-11,1,10,8.51,85.1,0.2,76.59,8.51,2.84
602,82,22,2020-02-12,22,7,19.4,135.8,0.11,122.22,13.58,3.46
603,17,50,2020-01-02,11,1,5.84,5.84,0.02,5.26,0.58,4.17
604,94,19,2020-01-17,13,9,16.91,152.19,0.11,136.97,15.22,1.58
605,23,5,2020-04-03,22,9,12.72,114.48,0.1,103.03,11.45,4.37
606,81,43,2020-03-19,1,5,12.33,61.65,0.16,55.48,6.17,4.18
607,83,32,2020-04-06,15,8,14.49,115.92,0.07,104.33,11.59,4.18
608,60,28,2020-02-23,12,3,9.13,27.39,0.0,24.65,2.74,2.23
609,81,15,2020-01-13,4,9,9.47,85.23,0.1,76.71,8.52,0.93
610,34,36,2020-02-07,5,2,7.27,14.54,0.04,13.09,1.45,1.9
611,84,18,2020-03-22,21,10,12.49,124.9,0.2,112.41,12.49,4.93
612,82,49,2020-03-04,9,9,7.58,68.22,0.08,61.4,6.82,0.82
613,10,44,2020-01-08,9,9,18.72,168.48,0.13,151.63,16.85,1.46
614,94,28,2020-01-01,23,1,13.34,13.34,0.04,12.01,1.33,3.61
615,33,25,2020-03-12,20,10,7.22,72.2,0.19,64.98,7.22,2.96
616,11,24,2020-01-19,5,8,1.88,15.04,0.09,13.54,1.5,1.82
617,56,12,2020-03-15,4,7,19.54,136.78,0.18,123.1,13.68,3.48
618,49,1,2020-03-05,5,10,13.53,135.3,0.06,121.77,13.53,2.06
619,75,2,2020-03-10,10,6,9.72,58.32,0.01,52.49,5.83,4.32
620,63,4,2020-01-21,2,1,2.73,2.73,0.11,2.46,0.27,2.64
621,99,3,2020-04-07,7,1,18.8,18.8,0.04,16.92,1.88,3.17
622,10,49,2020-01-01,15,9,5.21,46.89,0.08,42.2,4.69,2.09
623,65,8,2020-02-07,9,10,10.21,102.1,0.0,91.89,10.21,0.98
624,62,19,2020-03-09,9,4,14.32,57.28,0.08,51.55,5.73,4.81
625,57,28,2020-02-20,13,5,17.39,86.95,0.04,78.26,8.69,1.65
626,24,48,2020-01-02,19,8,2.51,20.08,0.12,18.07,2.01,4.35
627,36,28,2020-03-11,5,5,6.38,31.9,0.12,28.71,3.19,2.65
628,73,3,2020-04-08,20,7,7.12,49.84,0.01,44.86,4.98,2.94
629,42,18,2020-01-08,6,3,7.25,21.75,0.05,19.57,2.18,3.05
630,19,16,2020-01-29,13,5,14.33,71.65,0.19,64.49,7.16,0.75
631,85,28,2020-01-24,3,6,5.95,35.7,0.11,32.13,3.57,3.44
632,31,18,2020-02-01,11,7,10.69,74.83,0.05,67.35,7.48,2.98
633,92,33,2020-02-01,13,1,1.89,1.89,0.13,1.7,0.19,0.91
634,22,31,2020-04-06,3,5,18.21,91.05,0.0,81.94,9.11,2.18
635,82,8,2020-03-08,7,10,2.39,23.9,0.09,21.51,2.39,4.02
636,44,21,2020-02-06,3,5,8.02,40.1,0.19,36.09,4.01,3.96
637,23,41,2020-02-28,17,5,16.74,83.7,0.1,75.33,8.37,4.74
638,51,1,2020-01-04,19,9,8.55,76.95,0.07,69.26,7.69,2.53
639,50,36,2020-01-17,20,9,13.11,117.99,0.19,106.19,11.8,4.17
640,78,29,2020-02-08,9,6,14.56,87.36,0.16,78.62,8.74,3.7
641,33,33,2020-03-24,13,2,4.07,8.14,0.0,7.33,0.81,4.25
642,97,47,2020-03-02,21,1,13.3,13.3,0.14,11.97,1.33,1.86
643,56,8,2020-02-16,9,2,5.02,10.04,0.17,9.04,1.0,3.37
644,59,36,2020-03-14,17,2,17.65,35.3,0.14,31.77,3.53,2.77
645,60,12,2020-02-21,23,3,14.62,43.86,0.01,39.47,4.39,1.47
646,18,11,2020-04-06,7,2,2.4,4.8,0.16,4.32,0.48,4.52
647,34,49,2020-03-19,10,3,1.19,3.57,0.03,3.21,0.36,2.86
648,29,38,2020-01-01,12,5,4.36,21.8,0.09,19.62,2.18,1.0
649,26,41,2020-02-19,3,6,3.06,18.36,0.04,16.52,1.84,3.2
650,45,7,2020-03-14,9,4,13.64,54.56,0.05,49.1,5.46,3.5
651,20,37,2020-02-26,14,1,7.19,7.19,0.17,6.47,0.72,3.88
652,99,24,2020-04-01,23,1,12.93,12.93,0.04,11.64,1.29,3.67
653,74,41,2020-03-18,20,8,13.01,104.08,0.12,93.67,10.41,4.27
654,47,34,2020-01-12,5,3,4.81,14.43,0.09,12.99,1.44,2.52
655,22,7,2020-02-26,14,3,15.65,46.95,0.11,42.26,4.69,1.12
656,39,5,2020-02-13,1,3,9.41,28.23,0.09,25.41,2.82,4.03
657,64,24,2020-02-29,8,7,8.03,56.21,0.09,50.59,5.62,1.5
658,14,50,2020-03-28,21,3,12.21,36.63,0.0,32.97,3.66,2.04
659,77,47,2020-01-01,19,8,5.06,40.48,0.17,36.43,4.05,2.35
660,40,13,2020-03-27,23,5,1.88,9.4,0.09,8.46,0.94,4.01
661,69,11,2020-04-04,20,5,10.46,52.3,0.11,47.07,5.23,1.57
662,32,3,2020-03-03,16,2,2.9,5.8,0.16,5.22,0.58,4.41
663,93,26,2020-01-24,22,9,19.29,173.61,0.03,156.25,17.36,1.94
664,67,33,2020-02-06,3,7,15.81,110.67,0.06,99.6,11.07,1.27
665,50,41,2020-01-20,13,5,10.41,52.05,0.16,46.84,5.21,0.77
666,7,40,2020-02-12,5,2,8.2,16.4,0.01,14.76,1.64,1.43
667,29,30,2020-03-20,13,7,4.77,33.39,0.0,30.05,3.34,4.8
668,17,4,2020-02-27,16,6,19.61,117.66,0.04,105.89,11.77,4.47
669,64,46,2020-04-02,2,3,6.66,19.98,0.1,17.98,2.0,4.02
670,36,16,2020-03-10,15,3,9.44,28.32,0.04,25.49,2.83,2.45
671,50,20,2020-03-05,0,5,5.75,28.75,0.09,25.88,2.87,2.01
672,52,40,2020-01-20,19,3,9.05,27.15,0.07,24.43,2.72,2.58
673,52,14,2020-02-27,20,2,5.59,11.18,0.08,10.06,1.12,2.6
674,11,32,2020-03-18,15,2,12.97,25.94,0.19,23.35,2.59,3.21
675,52,18,2020-02-29,21,3,14.45,43.35,0.02,39.02,4.33,1.5
676,92,6,2020-03-31,1,6,3.54,21.24,0.13,19.12,2.12,0.93
677,100,18,2020-03-19,7,1,6.28,6.28,0.07,5.65,0.63,2.62
678,86,6,2020-02-08,8,9,6.86,61.74,0.14,55.57,6.17,0.66
679,5,3,2020-02-06,18,10,7.28,72.8,0.03,65.52,7.28,1.57
680,24,6,2020-04-04,0,7,4.78,33.46,0.03,30.11,3.35,1.79
681,70,38,2020-02-18,10,6,5.7,34.2,0.05,30.78,3.42,4.99
682,1,18,2020-01-04,22,1,8.1,8.1,0.04,7.29,0.81,0.87
683,99,18,2020-03-05,17,10,12.65,126.5,0.04,113.85,12.65,4.04
684,100,6,2020-01-20,10,6,1.71,10.26,0.06,9.23,1.03,4.17
685,22,38,2020-02-19,17,1,7.23,7.23,0.09,6.51,0.72,4.52
686,59,36,2020-02-29,16,1,15.84,15.84,0.06,14.26,1.58,3.95
687,34,15,2020-03-05,3,8,5.07,40.56,0.19,36.5,4.06,2.94
688,62,44,2020-01-05,3,6,6.21,37.26,0.17,33.53,3.73,2.1
689,57,31,2020-01-23,20,6,1.5,9.0,0.17,8.1,0.9,1.52
690,29,46,2020-01-30,4,9,19.84,178.56,0.19,160.7,17.86,2.98
691,80,13,2020-01-18,0,3,6.81,20.43,0.07,18.39,2.04,3.81
692,12,3,2020-01-23,13,7,6.71,46.97,0.2,42.27,4.7,4.94
693,19,47,2020-04-06,4,6,15.53,93.18,0.04,83.86,9.32,1.74
694,8,17,2020-01-29,9,8,19.3,154.4,0.19,138.96,15.44,1.05
695,59,26,2020-01-09,1,6,1.12,6.72,0.16,6.05,0.67,4.8
696,3,11,2020-03-18,15,2,15.69,31.38,0.08,28.24,3.14,2.52
697,6,22,2020-01-29,2,9,2.02,18.18,0.17,16.36,1.82,4.38
698,69,37,2020-02-06,16,6,3.88,23.28,0.12,20.95,2.33,2.05
699,17,30,2020-03-01,18,4,17.21,68.84,0.04,61.96,6.88,2.42
700,97,41,2020-02-02,0,9,18.65,167.85,0.01,151.06,16.79,4.12
701,96,39,2020-03-23,18,3,7.77,23.31,0.13,20.98,2.33,0.55
702,19,41,2020-04-03,23,1,2.76,2.76,0.1,2.48,0.28,3.22
703,87,50,2020-04-02,9,7,10.71,74.97,0.05,67.47,7.5,2.99
704,7,48,2020-03-15,20,8,14.43,115.44,0.15,103.9,11.54,2.84
705,7,21,2020-02-15,21,9,14.97,134.73,0.14,121.26,13.47,4.27
706,35,47,2020-01-02,18,6,12.12,72.72,0.12,65.45,7.27,2.28
707,61,15,2020-02-29,9,9,12.26,110.34,0.06,99.31,11.03,2.68
708,82,20,2020-01-13,5,7,11.1,77.7,0.09,69.93,7.77,3.5
709,4,40,2020-03-04,14,7,14.33,100.31,0.14,90.28,10.03,4.69
710,69,11,2020-01-28,13,9,15.24,137.16,0.04,123.44,13.72,3.16
711,36,31,2020-01-24,3,9,18.48,166.32,0.1,149.69,16.63,2.53
712,73,30,2020-02-03,19,10,19.25,192.5,0.13,173.25,19.25,4.72
713,32,5,2020-01-15,1,7,6.62,46.34,0.18,41.71,4.63,3.31
714,29,42,2020-04-06,22,5,2.38,11.9,0.19,10.71,1.19,1.64
715,61,5,2020-01-29,17,5,4.46,22.3,0.09,20.07,2.23,2.05
716,52,18,2020-01-18,10,4,12.72,50.88,0.07,45.79,5.09,4.92
717,70,13,2020-02-04,21,4,9.18,36.72,0.08,33.05,3.67,3.86
718,72,46,2020-03-28,23,8,3.27,26.16,0.15,23.54,2.62,0.58
719,53,33,2020-02-18,14,5,7.29,36.45,0.16,32.81,3.64,1.17
720,11,36,2020-04-04,14,6,2.17,13.02,0.16,11.72,1.3,2.81
721,67,43,2020-03-24,13,1,11.24,11.24,0.01,10.12,1.12,3.99
722,45,22,2020-03-13,17,8,5.06,40.48,0.01,36.43,4.05,1.53
723,8,28,2020-03-10,12,4,15.14,60.56,0.14,54.5,6.06,2.15
724,96,37,2020-02-11,19,6,14.62,87.72,0.15,78.95,8.77,3.3
725,51,28,2020-03-05,15,5,3.55,17.75,0.07,15.97,1.78,0.79
726,43,50,2020-03-05,3,7,14.83,103.81,0.03,93.43,10.38,4.12
727,96,21,2020-02-02,10,7,7.1,49.7,0.14,44.73,4.97,1.76
728,48,28,2020-01-31,2,3,3.47,10.41,0.15,9.37,1.04,3.76
729,26,4,2020-04-04,20,6,9.74,58.44,0.07,52.6,5.84,4.32
730,100,2,2020-03-21,7,7,1.2,8.4,0.03,7.56,0.84,0.61
731,5,23,2020-03-22,2,10,16.92,169.2,0.04,152.28,16.92,0.57
732,76,49,2020-01-26,19,4,9.26,37.04,0.18,33.34,3.7,4.75
733,86,24,2020-01-07,19,6,7.97,47.82,0.12,43.04,4.78,3.14
734,49,36,2020-02-01,1,6,17.15,102.9,0.14,92.61,10.29,2.34
735,22,42,2020-01-21,3,3,15.39,46.17,0.13,41.55,4.62,1.35
736,10,27,2020-01-08,15,3,18.73,56.19,0.19,50.57,5.62,1.71
737,26,36,2020-03-06,9,9,19.36,174.24,0.03,156.82,17.42,3.59
738,61,36,2020-02-19,7,8,9.29,74.32,0.08,66.89,7.43,1.97
739,94,2,2020-03-24,5,2,7.83,15.66,0.07,14.09,1.57,0.94
740,58,5,2020-01-01,3,1,15.48,15.48,0.04,13.93,1.55,4.57
741,15,39,2020-04-02,22,1,10.97,10.97,0.18,9.87,1.1,1.04
742,29,12,2020-04-05,18,9,13.33,119.97,0.14,107.97,12.0,3.1
743,95,50,2020-03-12,0,1,9.2,9.2,0.02,8.28,0.92,2.81
744,77,50,2020-01-28,21,10,3.12,31.2,0.03,28.08,3.12,1.03
745,92,14,2020-02-11,18,1,5.67,5.67,0.09,5.1,0.57,0.72
746,89,1,2020-04-06,11,6,10.17,61.02,0.01,54.92,6.1,2.49
747,81,23,2020-01-24,15,4,8.98,35.92,0.16,32.33,3.59,4.04
748,78,16,2020-02-10,13,7,9.56,66.92,0.19,60.23,6.69,4.43
749,21,46,2020-01-03,23,1,15.74,15.74,0.01,14.17,1.57,3.71
750,46,50,2020-03-09,12,4,17.07,68.28,0.08,61.45,6.83,1.44
751,20,41,2020-02-26,1,5,3.8,19.0,0.14,17.1,1.9,3.52
752,93,40,2020-01-22,13,8,7.77,62.16,0.08,55.94,6.22,3.87
753,41,39,2020-01-20,17,9,9.43,84.87,0.15,76.38,8.49,1.02
754,86,38,2020-01-15,20,10,16.01,160.1,0.02,144.09,16.01,4.89
755,3,49,2020-01-07,11,6,9.64,57.84,0.13,52.06,5.78,4.51
756,54,12,2020-03-30,5,1,8.98,8.98,0.04,8.08,0.9,4.79
757,89,22,2020-03-28,14,5,19.99,99.95,0.03,89.95,10.0,1.39
758,76,43,2020-04-01,9,8,12.33,98.64,0.2,88.78,9.86,2.95
759,2,21,2020-02-05,10,3,10.28,30.84,0.14,27.76,3.08,1.32
760,28,24,2020-03-11,10,1,10.29,10.29,0.19,9.26,1.03,2.55
761,96,33,2020-01-27,17,1,16.86,16.86,0.02,15.17,1.69,3.49
762,96,18,2020-04-04,13,6,7.11,42.66,0.19,38.39,4.27,2.97
763,68,42,2020-02-18,21,8,14.72,117.76,0.19,105.98,11.78,2.94
764,54,39,2020-01-13,0,10,9.63,96.3,0.09,86.67,9.63,4.79
765,57,29,2020-04-04,19,8,15.5,124.0,0.02,111.6,12.4,1.73
766,51,50,2020-02-12,8,8,8.87,70.96,0.13,63.86,7.1,4.77
767,40,32,2020-01-27,15,9,4.42,39.78,0.03,35.8,3.98,1.65
768,70,44,2020-04-09,8,8,8.89,71.12,0.07,64.01,7.11,2.1
769,99,8,2020-04-02,3,1,11.87,11.87,0.09,10.68,1.19,1.29
770,64,30,2020-04-03,5,10,12.21,122.1,0.19,109.89,12.21,4.87
771,27,15,2020-02-08,22,6,9.22,55.32,0.1,49.79,5.53,1.17
772,77,4,2020-02-23,10,2,5.01,10.02,0.18,9.02,1.0,1.69
773,96,37,2020-01-07,23,7,16.63,116.41,0.09,104.77,11.64,3.62
774,67,47,2020-01-12,22,7,9.91,69.37,0.03,62.43,6.94,3.58
775,72,32,2020-02-29,13,2,9.03,18.06,0.03,16.25,1.81,3.48
776,10,2,2020-03-18,23,3,4.55,13.65,0.2,12.29,1.36,1.57
777,81,46,2020-01-14,1,6,19.56,117.36,0.06,105.62,11.74,2.05
778,31,47,2020-03-04,6,10,18.35,183.5,0.05,165.15,18.35,4.96
779,93,40,2020-03-04,14,3,15.48,46.44,0.09,41.8,4.64,2.27
780,52,32,2020-02-28,20,2,10.75,21.5,0.19,19.35,2.15,3.13
781,1,45,2020-04-01,9,3,9.85,29.55,0.18,26.6,2.95,2.1
782,81,23,2020-01-15,3,5,6.49,32.45,0.12,29.21,3.24,1.67
783,7,34,2020-02-20,9,10,16.19,161.9,0.06,145.71,16.19,4.24
784,84,5,2020-02-08,7,8,10.64,85.12,0.1,76.61,8.51,2.84
785,46,49,2020-01-01,1,7,4.59,32.13,0.07,28.92,3.21,2.05
786,11,13,2020-01-31,13,3,10.03,30.09,0.08,27.08,3.01,1.49
787,8,15,2020-03-21,2,6,6.88,41.28,0.14,37.15,4.13,2.63
788,51,29,2020-03-24,23,10,7.74,77.4,0.09,69.66,7.74,2.91
789,75,45,2020-03-10,4,2,7.39,14.78,0.12,13.3,1.48,0.81
790,79,36,2020-02-06,10,7,6.04,42.28,0.0,38.05,4.23,3.74
791,7,7,2020-02-13,12,8,15.72,125.76,0.07,113.18,12.58,3.37
792,38,27,2020-01-18,12,2,8.61,17.22,0.01,15.5,1.72,4.79
793,80,41,2020-02-17,16,6,16.64,99.84,0.08,89.86,9.98,1.82
794,36,2,2020-02-04,22,9,6.39,57.51,0.02,51.76,5.75,2.26
795,9,17,2020-01-26,16,8,10.12,80.96,0.02,72.86,8.1,3.11
796,79,24,2020-02-07,20,6,12.31,73.86,0.08,66.47,7.39,0.53
797,66,33,2020-03-26,16,1,5.53,5.53,0.18,4.98,0.55,1.49
798,48,30,2020-03-21,21,10,1.31,13.1,0.03,11.79,1.31,1.74
799,35,23,2020-02-05,8,8,8.67,69.36,0.19,62.42,6.94,1.83
800,6,41,2020-02-12,4,6,4.36,26.16,0.14,23.54,2.62,3.37
801,81,42,2020-02-12,11,1,2.03,2.03,0.2,1.83,0.2,3.49
802,72,2,2020-01-16,16,5,15.34,76.7,0.13,69.03,7.67,2.92
803,51,25,2020-01-26,21,1,10.16,10.16,0.19,9.14,1.02,4.09
804,67,1,2020-01-16,19,1,3.49,3.49,0.09,3.14,0.35,0.85
805,22,6,2020-02-03,15,10,14.84,148.4,0.1,133.56,14.84,1.26
806,16,36,2020-01-16,2,4,16.15,64.6,0.12,58.14,6.46,2.66
807,54,2,2020-02-16,15,1,19.28,19.28,0.2,17.35,1.93,1.22
808,66,14,2020-01-17,14,7,19.19,134.33,0.09,120.9,13.43,3.72
809,94,24,2020-03-02,16,7,7.15,50.05,0.08,45.05,5.0,0.76
810,98,20,2020-02-29,4,7,3.45,24.15,0.01,21.73,2.42,1.13
811,75,7,2020-01-25,12,9,4.13,37.17,0.1,33.45,3.72,0.81
812,40,5,2020-03-04,4,1,16.6,16.6,0.01,14.94,1.66,1.74
813,71,31,2020-02-26,3,7,10.96,76.72,0.01,69.05,7.67,2.57
814,73,44,2020-01-19,6,3,1.22,3.66,0.13,3.29,0.37,2.96
815,10,9,2020-03-08,8,10,2.92,29.2,0.18,26.28,2.92,1.51
816,58,34,2020-02-19,12,2,3.95,7.9,0.17,7.11,0.79,4.71
817,62,37,2020-01-08,2,3,8.31,24.93,0.17,22.44,2.49,1.73
818,64,4,2020-04-02,15,7,10.84,75.88,0.05,68.29,7.59,2.37
819,79,35,2020-02-25,18,5,16.01,80.05,0.16,72.05,8.0,3.66
820,73,25,2020-02-07,20,3,2.24,6.72,0.03,6.05,0.67,1.39
821,7,25,2020-03-31,0,8,7.09,56.72,0.04,51.05,5.67,1.88
822,87,42,2020-01-13,11,6,14.84,89.04,0.05,80.14,8.9,3.2
823,37,11,2020-04-08,4,2,1.82,3.64,0.03,3.28,0.36,1.27
824,92,29,2020-04-01,15,2,9.5,19.0,0.17,17.1,1.9,2.54
825,58,16,2020-04-08,13,3,3.39,10.17,0.18,9.15,1.02,2.87
826,73,42,2020-01-28,19,4,4.15,16.6,0.03,14.94,1.66,3.03
827,14,21,2020-01-28,20,4,3.99,15.96,0.11,14.36,1.6,4.66
828,70,13,2020-02-24,18,3,3.89,11.67,0.02,10.5,1.17,3.17
829,7,21,2020-01-24,20,5,13.75,68.75,0.19,61.88,6.87,2.61
830,71,44,2020-02-26,16,9,2.68,24.12,0.17,21.71,2.41,1.83
831,5,26,2020-03-31,14,10,19.68,196.8,0.09,177.12,19.68,1.27
832,11,21,2020-04-08,5,7,1.42,9.94,0.06,8.95,0.99,4.88
833,98,46,2020-01-25,9,5,15.01,75.05,0.19,67.55,7.5,2.96
834,15,27,2020-02-16,4,3,12.48,37.44,0.03,33.7,3.74,1.59
835,90,48,2020-03-26,9,6,3.61,21.66,0.02,19.49,2.17,3.72
836,25,7,2020-01-02,12,1,6.9,6.9,0.12,6.21,0.69,2.07
837,71,15,2020-02-27,2,9,2.25,20.25,0.14,18.23,2.02,2.67
838,13,25,2020-03-30,1,10,7.32,73.2,0.0,65.88,7.32,3.56
839,58,41,2020-01-27,12,9,9.76,87.84,0.1,79.06,8.78,2.75
840,54,28,2020-02-08,8,7,15.13,105.91,0.15,95.32,10.59,0.53
841,28,21,2020-02-15,18,6,2.32,13.92,0.05,12.53,1.39,2.27
842,70,2,2020-01-08,23,3,2.42,7.26,0.01,6.53,0.73,3.49
843,17,4,2020-01-21,7,2,9.36,18.72,0.12,16.85,1.87,2.55
844,83,16,2020-02-27,18,9,3.78,34.02,0.19,30.62,3.4,3.87
845,74,25,2020-03-25,6,1,7.37,7.37,0.13,6.63,0.74,3.31
846,94,23,2020-02-12,4,2,17.03,34.06,0.05,30.65,3.41,4.57
847,34,30,2020-01-12,8,3,8.95,26.85,0.13,24.17,2.68,2.04
848,48,43,2020-02-14,9,10,14.7,147.0,0.0,132.3,14.7,3.56
849,58,20,2020-01-21,15,10,9.26,92.6,0.06,83.34,9.26,0.84
850,3,1,2020-01-31,15,8,4.55,36.4,0.02,32.76,3.64,4.63
851,85,49,2020-02-05,13,6,6.47,38.82,0.07,34.94,3.88,1.33
852,67,2,2020-03-24,18,7,19.73,138.11,0.11,124.3,13.81,3.45
853,14,6,2020-04-09,23,4,13.68,54.72,0.1,49.25,5.47,3.43
854,96,45,2020-02-10,18,3,12.3,36.9,0.08,33.21,3.69,1.76
855,37,50,2020-01-01,17,6,4.7,28.2,0.08,25.38,2.82,2.76
856,19,20,2020-02-02,2,10,7.13,71.3,0.09,64.17,7.13,1.53
857,28,9,2020-01-19,22,6,11.45,68.7,0.19,61.83,6.87,1.01
858,11,25,2020-01-06,10,7,16.29,114.03,0.12,102.63,11.4,2.76
859,85,29,2020-02-27,16,10,9.94,99.4,0.02,89.46,9.94,4.39
860,93,10,2020-01-10,1,7,14.12,98.84,0.13,88.96,9.88,1.53
861,67,12,2020-03-01,14,5,3.26,16.3,0.2,14.67,1.63,0.93
862,52,43,2020-02-03,12,1,16.57,16.57,0.2,14.91,1.66,1.22
863,64,15,2020-01-13,6,8,15.69,125.52,0.11,112.97,12.55,2.49
864,13,45,2020-02-19,10,3,19.9,59.7,0.17,53.73,5.97,2.97
865,13,25,2020-03-30,1,5,14.62,73.1,0.06,65.79,7.31,4.26
866,18,10,2020-04-08,18,7,7.98,55.86,0.03,50.27,5.59,2.52
867,81,45,2020-02-16,4,3,11.09,33.27,0.2,29.94,3.33,4.4
868,66,21,2020-03-14,11,4,3.36,13.44,0.03,12.1,1.34,0.58
869,67,41,2020-02-15,19,1,3.75,3.75,0.19,3.38,0.37,0.61
870,51,12,2020-01-27,19,10,6.5,65.0,0.15,58.5,6.5,3.35
871,81,30,2020-02-23,1,2,13.81,27.62,0.03,24.86,2.76,0.81
872,41,25,2020-01-27,14,1,9.57,9.57,0.09,8.61,0.96,0.63
873,10,16,2020-03-13,12,10,2.41,24.1,0.02,21.69,2.41,4.6
874,16,16,2020-02-19,4,1,5.36,5.36,0.2,4.82,0.54,0.89
875,31,9,2020-01-04,1,5,4.67,23.35,0.18,21.02,2.33,4.82
876,70,43,2020-03-09,1,3,9.93,29.79,0.1,26.81,2.98,2.42
877,75,40,2020-02-18,11,5,10.19,50.95,0.14,45.86,5.09,3.55
878,53,48,2020-01-18,4,2,18.68,37.36,0.06,33.62,3.74,3.89
879,62,7,2020-03-08,16,3,1.8,5.4,0.19,4.86,0.54,1.02
880,13,35,2020-01-09,21,10,9.33,93.3,0.18,83.97,9.33,3.28
881,18,5,2020-02-21,23,3,18.44,55.32,0.09,49.79,5.53,2.58
882,88,32,2020-02-28,13,6,1.68,10.08,0.12,9.07,1.01,3.72
883,60,45,2020-04-07,6,2,11.23,22.46,0.07,20.21,2.25,3.76
884,36,48,2020-03-09,20,9,6.94,62.46,0.09,56.21,6.25,4.17
885,50,20,2020-01-26,15,6,19.51,117.06,0.16,105.35,11.71,4.48
886,36,39,2020-01-06,3,2,14.66,29.32,0.13,26.39,2.93,4.14
887,87,1,2020-03-20,2,9,17.23,155.07,0.08,139.56,15.51,4.73
888,87,12,2020-01-05,1,6,6.35,38.1,0.12,34.29,3.81,1.87
889,5,23,2020-01-17,2,2,16.15,32.3,0.05,29.07,3.23,2.8
890,90,46,2020-03-14,18,2,17.98,35.96,0.14,32.36,3.6,0.98
891,83,50,2020-01-06,9,2,3.9,7.8,0.13,7.02,0.78,1.84
892,42,29,2020-01-08,10,5,3.19,15.95,0.09,14.36,1.59,3.77
893,31,32,2020-02-29,13,2,13.45,26.9,0.01,24.21,2.69,0.95
894,77,32,2020-01-08,11,1,4.26,4.26,0.04,3.83,0.43,0.69
895,9,32,2020-03-03,19,6,2.52,15.12,0.17,13.61,1.51,4.21
896,81,37,2020-03-25,7,8,3.55,28.4,0.11,25.56,2.84,0.87
897,28,2,2020-04-01,0,3,7.58,22.74,0.08,20.47,2.27,3.86
898,92,28,2020-03-05,7,6,16.33,97.98,0.14,88.18,9.8,2.54
899,63,34,2020-02-20,3,3,3.31,9.93,0.09,8.94,0.99,3.39
900,38,37,2020-01-02,21,8,19.19,153.52,0.17,138.17,15.35,3.79
901,59,48,2020-03-06,4,2,6.52,13.04,0.14,11.74,1.3,2.89
902,70,7,2020-02-19,21,7,14.26,99.82,0.1,89.84,9.98,4.2
903,93,38,2020-02-06,5,7,10.13,70.91,0.13,63.82,7.09,3.05
904,78,44,2020-03-10,9,8,7.34,58.72,0.09,52.85,5.87,0.8
905,7,34,2020-03-09,13,3,11.08,33.24,0.0,29.92,3.32,1.96
906,46,21,2020-02-19,14,10,15.6,156.0,0.07,140.4,15.6,2.8
907,31,35,2020-01-02,5,10,11.82,118.2,0.16,106.38,11.82,1.79
908,6,50,2020-04-03,5,3,12.06,36.18,0.04,32.56,3.62,1.38
909,3,32,2020-03-31,11,10,5.88,58.8,0.04,52.92,5.88,2.28
910,76,21,2020-03-03,13,9,14.58,131.22,0.14,118.1,13.12,3.92
911,42,48,2020-04-03,14,10,13.71,137.1,0.19,123.39,13.71,4.84
912,25,6,2020-01-09,1,5,19.34,96.7,0.19,87.03,9.67,3.62
913,35,11,2020-01-30,12,1,6.82,6.82,0.12,6.14,0.68,3.01
914,88,50,2020-02-02,13,7,11.97,83.79,0.11,75.41,8.38,4.47
915,93,11,2020-04-06,23,10,18.36,183.6,0.07,165.24,18.36,0.83
916,78,15,2020-04-05,2,7,13.29,93.03,0.1,83.73,9.3,2.98
917,72,28,2020-04-02,17,5,18.79,93.95,0.15,84.56,9.39,4.25
918,13,39,2020-03-05,13,5,15.64,78.2,0.17,70.38,7.82,4.6
919,86,45,2020-03-24,9,7,9.68,67.76,0.09,60.98,6.78,1.77
920,28,26,2020-03-24,5,7,7.4,51.8,0.18,46.62,5.18,4.18
921,49,15,2020-03-31,13,7,3.34,23.38,0.04,21.04,2.34,1.44
922,20,35,2020-01-12,14,5,19.62,98.1,0.0,88.29,9.81,1.23
923,51,10,2020-01-10,19,5,10.36,51.8,0.02,46.62,5.18,1.31
924,37,37,2020-04-09,8,1,2.19,2.19,0.11,1.97,0.22,3.32
925,60,4,2020-04-08,17,2,18.3,36.6,0.07,32.94,3.66,3.74
926,98,27,2020-01-19,12,9,17.65,158.85,0.16,142.97,15.88,3.13
927,58,26,2020-01-08,14,10,6.47,64.7,0.17,58.23,6.47,1.35
928,93,46,2020-03-19,21,6,16.08,96.48,0.08,86.83,9.65,3.33
929,97,43,2020-01-10,2,6,16.07,96.42,0.0,86.78,9.64,2.4
930,43,34,2020-01-12,14,8,8.38,67.04,0.17,60.34,6.7,0.8
931,20,4,2020-01-31,12,7,12.97,90.79,0.18,81.71,9.08,4.21
932,31,50,2020-03-08,22,5,15.68,78.4,0.15,70.56,7.84,4.02
933,66,26,2020-03-26,3,8,13.22,105.76,0.19,95.18,10.58,4.2
934,35,43,2020-01-04,3,6,15.17,91.02,0.13,81.92,9.1,4.32
935,91,2,2020-01-09,7,5,2.24,11.2,0.14,10.08,1.12,1.43
936,97,15,2020-01-06,9,2,14.66,29.32,0.17,26.39,2.93,3.72
937,84,44,2020-03-24,8,7,5.65,39.55,0.13,35.59,3.96,0.59
938,78,50,2020-04-05,20,10,12.74,127.4,0.01,114.66,12.74,0.93
939,82,3,2020-02-25,4,4,17.28,69.12,0.01,62.21,6.91,3.66
940,94,28,2020-02-13,10,3,14.57,43.71,0.06,39.34,4.37,1.15
941,87,36,2020-03-30,4,10,17.56,175.6,0.16,158.04,17.56,3.24
942,80,11,2020-01-11,9,2,2.5,5.0,0.15,4.5,0.5,2.64
943,66,5,2020-01-25,21,4,14.55,58.2,0.01,52.38,5.82,1.79
944,56,2,2020-03-07,23,1,12.3,12.3,0.18,11.07,1.23,3.41
945,60,48,2020-01-01,14,4,17.94,71.76,0.18,64.58,7.18,3.89
946,56,37,2020-03-02,4,10,15.24,152.4,0.08,137.16,15.24,4.9
947,49,1,2020-01-23,9,9,16.54,148.86,0.02,133.97,14.89,1.96
948,7,43,2020-03-05,15,1,2.88,2.88,0.09,2.59,0.29,4.84
949,33,9,2020-03-25,11,2,1.77,3.54,0.03,3.19,0.35,4.38
950,99,40,2020-03-11,15,4,16.99,67.96,0.09,61.16,6.8,2.84
951,18,28,2020-01-20,6,1,19.87,19.87,0.18,17.88,1.99,2.43
952,42,18,2020-01-24,3,8,9.49,75.92,0.02,68.33,7.59,2.62
953,9,1,2020-02-20,16,8,2.98,23.84,0.04,21.46,2.38,4.17
954,95,47,2020-01-18,19,1,19.21,19.21,0.02,17.29,1.92,3.31
955,88,35,2020-02-15,0,8,17.84,142.72,0.11,128.45,14.27,0.73
956,24,41,2020-03-24,2,7,12.32,86.24,0.13,77.62,8.62,2.32
957,76,9,2020-03-02,16,2,14.64,29.28,0.11,26.35,2.93,3.27
958,60,5,2020-02-21,10,2,11.86,23.72,0.07,21.35,2.37,3.9
959,31,44,2020-03-07,0,2,9.39,18.78,0.03,16.9,1.88,4.1
960,50,35,2020-01-17,12,10,3.99,39.9,0.08,35.91,3.99,2.25
961,85,41,2020-03-14,12,8,10.06,80.48,0.14,72.43,8.05,2.54
962,78,32,2020-03-20,7,9,6.48,58.32,0.0,52.49,5.83,1.59
963,57,4,2020-02-22,5,9,13.65,122.85,0.03,110.56,12.29,1.88
964,90,41,2020-03-08,20,10,2.33,23.3,0.12,20.97,2.33,1.06
965,30,5,2020-03-15,4,5,9.2,46.0,0.13,41.4,4.6,0.7
966,85,18,2020-01-20,10,8,17.55,140.4,0.04,126.36,14.04,0.98
967,11,49,2020-02-04,1,1,15.44,15.44,0.08,13.9,1.54,0.64
968,33,8,2020-02-09,23,6,8.01,48.06,0.12,43.25,4.81,4.69
969,45,49,2020-02-28,14,2,18.58,37.16,0.09,33.44,3.72,2.41
970,49,37,2020-01-12,20,9,6.05,54.45,0.13,49.01,5.44,1.51
971,63,6,2020-03-28,0,10,19.73,197.3,0.03,177.57,19.73,0.98
972,39,48,2020-01-27,20,10,9.54,95.4,0.15,85.86,9.54,2.32
973,73,40,2020-04-06,20,3,19.89,59.67,0.12,53.7,5.97,3.55
974,9,5,2020-01-21,18,5,5.97,29.85,0.17,26.87,2.98,3.05
975,13,15,2020-01-09,20,9,2.9,26.1,0.18,23.49,2.61,2.92
976,85,26,2020-01-14,5,8,8.48,67.84,0.01,61.06,6.78,1.7
977,73,8,2020-01-23,1,6,4.8,28.8,0.06,25.92,2.88,4.19
978,89,31,2020-01-11,14,9,15.81,142.29,0.18,128.06,14.23,4.5
979,48,40,2020-03-01,4,7,1.62,11.34,0.15,10.21,1.13,3.62
980,37,38,2020-02-24,23,5,2.13,10.65,0.08,9.59,1.06,4.72
981,12,27,2020-04-02,1,10,5.38,53.8,0.07,48.42,5.38,1.4
982,58,25,2020-02-22,17,7,9.88,69.16,0.01,62.24,6.92,2.25
983,91,19,2020-01-17,1,2,16.48,32.96,0.06,29.66,3.3,3.19
984,30,50,2020-01-08,7,8,17.57,140.56,0.11,126.5,14.06,3.94
985,90,28,2020-03-14,2,2,19.82,39.64,0.19,35.68,3.96,3.96
986,86,16,2020-01-26,21,9,11.79,106.11,0.07,95.5,10.61,4.21
987,91,50,2020-01-06,3,6,19.33,115.98,0.08,104.38,11.6,3.82
988,60,15,2020-03-30,11,4,10.32,41.28,0.17,37.15,4.13,2.05
989,57,29,2020-02-09,3,1,14.82,14.82,0.09,13.34,1.48,3.66
990,56,31,2020-01-30,14,10,9.06,90.6,0.06,81.54,9.06,1.8
991,83,11,2020-03-15,18,7,1.77,12.39,0.2,11.15,1.24,4.47
992,44,31,2020-01-28,13,4,17.88,71.52,0.07,64.37,7.15,3.84
993,66,20,2020-01-09,21,3,11.01,33.03,0.0,29.73,3.3,1.82
994,38,13,2020-03-10,12,1,17.65,17.65,0.19,15.88,1.77,4.8
995,49,27,2020-03-25,18,5,18.61,93.05,0.16,83.75,9.3,2.47
996,34,43,2020-03-19,11,8,19.77,158.16,0.01,142.34,15.82,2.89
997,88,8,2020-02-16,1,1,7.7,7.7,0.17,6.93,0.77,2.84
998,21,41,2020-01-01,11,5,5.12,25.6,0.15,23.04,2.56,2.29
999,43,48,2020-04-07,12,3,3.05,9.15,0.09,8.24,0.91,3.42
1000,94,23,2020-01-23,8,5,13.07,65.35,0.08,58.81,6.54,4.48
